0.7618167996406555,0.5508213043212891,-2.5182228088378906,0.7959582209587097,0.4422925710678101,-2.4426624774932861,0.8172733187675476,0.4388171434402466,-2.4430348873138428,0.8373941183090210,0.4348196983337402,-2.4436836242675781,0.7219608426094055,0.4429894685745239,-2.4761598110198975,0.6902663707733154,0.4406411349773407,-2.4772465229034424,0.6606068015098572,0.4389995336532593,-2.4774098396301270,0.8666976690292358,0.4474005699157715,-1.7667468786239624,0.6088169813156128,0.4551759958267212,-1.9317620992660522,0.7937085628509521,0.6249315738677979,-2.2332155704498291,0.7085778713226318,0.6292591094970703,-2.2815170288085938,0.9782665371894836,0.8473683595657349,-1.2080187797546387,0.4108147025108337,0.8974839448928833,-1.4579764604568481,1.0648792982101440,1.2797694206237793,-1.0230070352554321,0.2256211787462234,1.2421755790710449,-2.2136619091033936,1.0540421009063721,1.5728600025177002,-1.2542827129364014,0.3391432166099548,1.0104324817657471,-3.1001603603363037,1.0679138898849487,1.6880285739898682,-1.3205680847167969,0.3559705317020416,0.9641094207763672,-3.3069491386413574,1.0528867244720459,1.6812586784362793,-1.4341936111450195,0.3860309123992920,0.9113156795501709,-3.2812721729278564,1.0321714878082275,1.6462968587875366,-1.3085995912551880,0.3991375267505646,0.9356540441513062,-3.1181738376617432,0.9079082608222961,1.8565183877944946,0.0833024159073830,0.5473738908767700,1.8684220314025879,-0.0749423205852509,0.8919972181320190,2.4987769126892090,0.2285926789045334,0.5445536375045776,2.3427450656890869,0.0510530062019825,0.8748184442520142,2.9804048538208008,1.4356718063354492,0.5957274436950684,2.6696226596832275,1.2318090200424194,0.8833073377609253,3.0419566631317139,1.5617623329162598,0.6087697744369507,2.7039611339569092,1.3458932638168335,0.8094378709793091,3.1775484085083008,1.0560274124145508,0.6396710872650146,2.8529925346374512,0.8108893632888794
0.7693610191345215,0.5566325783729553,-2.4488055706024170,0.8038201332092285,0.4585184454917908,-2.3405067920684814,0.8255503773689270,0.4557785689830780,-2.3403449058532715,0.8457934260368347,0.4519907534122467,-2.3406016826629639,0.7277478575706482,0.4566895067691803,-2.3934161663055420,0.6939255595207214,0.4536782503128052,-2.3942484855651855,0.6628327965736389,0.4509189724922180,-2.3944332599639893,0.8739994168281555,0.4582583606243134,-1.5481981039047241,0.6086685657501221,0.4615924656391144,-1.8010858297348022,0.7990609407424927,0.6442509293556213,-2.1280350685119629,0.7130993604660034,0.6490685939788818,-2.2037293910980225,0.9722796678543091,0.8323059678077698,-0.9760273694992065,0.3961470127105713,0.9134980440139771,-1.2793854475021362,1.0702939033508301,1.1882590055465698,-0.7454916238784790,0.2789579927921295,1.4020342826843262,-1.4868258237838745,1.0549973249435425,1.3405650854110718,-1.1077693700790405,0.2658610045909882,1.7105647325515747,-2.0785324573516846,1.0679090023040771,1.4099351167678833,-1.2233059406280518,0.2251383364200592,1.8176236152648926,-2.2630171775817871,1.0552998781204224,1.4053542613983154,-1.3688236474990845,0.2586831450462341,1.8013864755630493,-2.3767125606536865,1.0369514226913452,1.3936241865158081,-1.1897819042205811,0.2918320000171661,1.7714235782623291,-2.1494364738464355,0.9164477586746216,1.8764412403106689,0.0905451849102974,0.5467203259468079,1.9143296480178833,-0.0807416588068008,0.9130709767341614,2.6308493614196777,-0.0429757349193096,0.5552673935890198,2.6727995872497559,-0.2261370718479156,0.8856382369995117,3.3568589687347412,1.1633864641189575,0.5884711146354675,3.3917388916015625,0.7114684581756592,0.8839891552925110,3.4593205451965332,1.2850459814071655,0.5937213897705078,3.4900307655334473,0.7865437269210815,0.8524501919746399,3.6298072338104248,0.7663134336471558,0.6302734017372131,3.6577937602996826,0.1302522718906403
0.7671887874603271,0.5582849979400635,-2.1307821273803711,0.8023923039436340,0.4629947841167450,-2.0274486541748047,0.8249770998954773,0.4604392647743225,-2.0270688533782959,0.8456622362136841,0.4569911360740662,-2.0266976356506348,0.7253041267395020,0.4612816572189331,-2.0636420249938965,0.6921635866165161,0.4582494199275970,-2.0642867088317871,0.6609305739402771,0.4555612504482269,-2.0644629001617432,0.8748037219047546,0.4630693495273590,-1.3060486316680908,0.6076200008392334,0.4661409258842468,-1.4744324684143066,0.7982977628707886,0.6461802721023560,-1.8433307409286499,0.7131108045578003,0.6516185402870178,-1.8943456411361694,0.9784997105598450,0.8320343494415283,-0.8524795770645142,0.4158855974674225,0.9202979803085327,-1.0167818069458008,1.1146218776702881,1.2158255577087402,-0.7980327606201172,0.3225393891334534,1.5048264265060425,-1.1823413372039795,1.0703437328338623,1.2664935588836670,-1.4041067361831665,0.3153045177459717,1.8630095720291138,-1.7939678430557251,1.0819317102432251,1.2914453744888306,-1.5668570995330811,0.2705309092998505,1.9890652894973755,-1.9733114242553711,1.0622425079345703,1.2867499589920044,-1.6493647098541260,0.3197292387485504,1.9825233221054077,-2.0863270759582520,1.0451931953430176,1.2923406362533569,-1.4701626300811768,0.3507176637649536,1.9408618211746216,-1.8697589635848999,0.9537633657455444,1.8930617570877075,0.0867102071642876,0.5797154903411865,1.9413985013961792,-0.0759503990411758,0.9415825605392456,2.7192094326019287,-0.0180807672441006,0.5997588038444519,2.7661437988281250,-0.1922101080417633,0.9317426681518555,3.4671161174774170,0.9764122962951660,0.6222282052040100,3.4807441234588623,0.6403709650039673,0.9300206303596497,3.5853459835052490,1.0729176998138428,0.6209011077880859,3.5859212875366211,0.7067020535469055,0.9055734872817993,3.7261872291564941,0.5524942278862000,0.6756535172462463,3.7353930473327637,0.1204325407743454
0.7715265154838562,0.5705085396766663,-2.1153035163879395,0.8059482574462891,0.4761709570884705,-2.0145239830017090,0.8278752565383911,0.4738220572471619,-2.0142087936401367,0.8478873372077942,0.4706782102584839,-2.0138092041015625,0.7304539084434509,0.4729542732238770,-2.0615923404693604,0.6978139877319336,0.4689168632030487,-2.0622677803039551,0.6659642457962036,0.4653792977333069,-2.0623285770416260,0.8749941587448120,0.4742738902568817,-1.2860894203186035,0.6097142100334167,0.4734572172164917,-1.5136916637420654,0.8013752102851868,0.6571058034896851,-1.8254636526107788,0.7165907025337219,0.6620776653289795,-1.8940069675445557,0.9784318804740906,0.8327395915985107,-0.8220640420913696,0.4061099588871002,0.9332978725433350,-1.0595762729644775,1.1188642978668213,1.2161606550216675,-0.7016816735267639,0.3162929713726044,1.4907414913177490,-1.2604132890701294,1.0890077352523804,1.3507050275802612,-1.2242331504821777,0.3119915425777435,1.8748013973236084,-1.8937139511108398,1.1087586879730225,1.4183295965194702,-1.3724403381347656,0.2661512494087219,2.0110170841217041,-2.0790276527404785,1.0778113603591919,1.4284801483154297,-1.4839947223663330,0.3191912472248077,2.0080270767211914,-2.1909804344177246,1.0585277080535889,1.4172081947326660,-1.3027441501617432,0.3502330482006073,1.9631386995315552,-1.9687417745590210,0.9613769650459290,1.9126951694488525,0.0931049659848213,0.5787869691848755,1.9665052890777588,-0.0819085985422134,0.9537657499313354,2.7321424484252930,-0.0153109757229686,0.5986169576644897,2.7954266071319580,-0.2091212570667267,0.9464601278305054,3.4849855899810791,0.9261329770088196,0.6227803826332092,3.5145595073699951,0.5546261668205261,0.9445811510086060,3.6042971611022949,1.0223350524902344,0.6220768094062805,3.6189866065979004,0.6165997982025146,0.9204150438308716,3.7599687576293945,0.5163211822509766,0.6771405935287476,3.7856025695800781,0.0155720319598913
0.7720576524734497,0.5705038905143738,-2.2659931182861328,0.8077276945114136,0.4768218696117401,-2.1617488861083984,0.8302893638610840,0.4749197065830231,-2.1615283489227295,0.8518604040145874,0.4723192751407623,-2.1608872413635254,0.7316728830337524,0.4730768203735352,-2.1969790458679199,0.6990408301353455,0.4690173566341400,-2.1974351406097412,0.6669323444366455,0.4655174016952515,-2.1973385810852051,0.8793090581893921,0.4816339910030365,-1.4383380413055420,0.6099395751953125,0.4755392074584961,-1.6162830591201782,0.8019703030586243,0.6590121388435364,-1.9846231937408447,0.7169205546379089,0.6633329987525940,-2.0397872924804688,0.9885706901550293,0.8501378297805786,-0.9800916910171509,0.4047425389289856,0.9418063759803772,-1.1666603088378906,1.1166820526123047,1.3031916618347168,-0.8977905511856079,0.3143734633922577,1.5189373493194580,-1.3426008224487305,1.0879361629486084,1.5746713876724243,-1.4221326112747192,0.3114654719829559,1.9362237453460693,-1.9144861698150635,1.1066647768020630,1.6830912828445435,-1.5735527276992798,0.2684656381607056,2.0847914218902588,-2.0928237438201904,1.0731823444366455,1.6954345703125000,-1.6836086511611938,0.3284915983676910,2.0847535133361816,-2.2134594917297363,1.0514175891876221,1.6650534868240356,-1.4963277578353882,0.3564671277999878,2.0325841903686523,-1.9916763305664062,0.9590941667556763,1.9385190010070801,0.0975077152252197,0.5724006891250610,1.9868929386138916,-0.0860341936349869,0.9480022192001343,2.7838778495788574,0.0369344688951969,0.5905764102935791,2.8409614562988281,-0.2000108659267426,0.9324066042900085,3.5306124687194824,0.9938364028930664,0.5940172672271729,3.5312576293945312,0.6244294047355652,0.9247287511825562,3.6546902656555176,1.0933454036712646,0.5865516662597656,3.6308188438415527,0.6945734620094299,0.9182774424552917,3.8009088039398193,0.5677689909934998,0.6645795702934265,3.8080153465270996,0.0996645763516426
0.7721339464187622,0.5671012401580811,-2.0116915702819824,0.8080185651779175,0.4740618765354156,-1.9320986270904541,0.8310419321060181,0.4715619683265686,-1.9316478967666626,0.8528069257736206,0.4683580994606018,-1.9307140111923218,0.7317824959754944,0.4725767374038696,-1.9395277500152588,0.6998368501663208,0.4689822494983673,-1.9401051998138428,0.6693027019500732,0.4657001495361328,-1.9399734735488892,0.8856344223022461,0.4775618016719818,-1.3261795043945312,0.6213961839675903,0.4763078987598419,-1.3642833232879639,0.8054288625717163,0.6499457955360413,-1.7737495899200439,0.7203001976013184,0.6580591797828674,-1.7863094806671143,1.0152341127395630,0.8497073650360107,-0.9616925120353699,0.4676861763000488,0.9092552065849304,-0.9046798944473267,1.1558425426483154,1.3579145669937134,-1.0206308364868164,0.3499876260757446,1.5008279085159302,-1.5286862850189209,1.1044279336929321,1.7470188140869141,-1.6842615604400635,0.2931312918663025,1.4144099950790405,-2.6870908737182617,1.1246298551559448,1.8900184631347656,-1.8160432577133179,0.2386542111635208,1.4057313203811646,-2.9361970424652100,1.0772427320480347,1.9008553028106689,-1.9168179035186768,0.2739039063453674,1.3760049343109131,-2.9555945396423340,1.0552569627761841,1.8565336465835571,-1.7543404102325439,0.3157782852649689,1.3867530822753906,-2.7466595172882080,1.0025880336761475,1.9079799652099609,0.0389952994883060,0.6075839996337891,1.9421880245208740,-0.0255586560815573,0.9821969270706177,2.7670555114746094,-0.2975814938545227,0.6166446208953857,2.8200347423553467,-0.2672703862190247,0.9819572567939758,3.5167431831359863,0.6361537575721741,0.6259282827377319,3.5225291252136230,0.3683242201805115,0.9933398962020874,3.6354300975799561,0.7338658571243286,0.6245055794715881,3.6335847377777100,0.4213474690914154,0.9213644862174988,3.7816436290740967,0.1881087571382523,0.6723170876502991,3.7830188274383545,-0.1669838428497314
0.7731988430023193,0.5561863183975220,-3.0764844417572021,0.8146175146102905,0.4662820994853973,-3.0113499164581299,0.8375743627548218,0.4662977457046509,-3.0112366676330566,0.8587248921394348,0.4654119908809662,-3.0109970569610596,0.7340674996376038,0.4586606323719025,-3.0211927890777588,0.7030896544456482,0.4539503157138824,-3.0225672721862793,0.6743655800819397,0.4499469697475433,-3.0226554870605469,0.8908805847167969,0.4770045280456543,-2.3370945453643799,0.6359380483627319,0.4595619738101959,-2.3903183937072754,0.8075464963912964,0.6495964527130127,-2.7974905967712402,0.7190783023834229,0.6473854780197144,-2.8158264160156250,1.0360491275787354,0.8515233993530273,-1.7254638671875000,0.4183453023433685,0.8571879863739014,-1.7046709060668945,1.1484798192977905,1.5079572200775146,-1.5956875085830688,0.1927758157253265,1.4968199729919434,-2.6288354396820068,1.0530551671981812,1.6939538717269897,-1.9861783981323242,0.2932533621788025,1.0187263488769531,-3.8733391761779785,1.0538575649261475,1.7815479040145874,-2.0908641815185547,0.2462469339370728,0.8422692418098450,-4.1167554855346680,1.0225614309310913,1.7767138481140137,-2.1391980648040771,0.2873807847499847,0.7747654318809509,-4.0270090103149414,0.9988066554069519,1.7495944499969482,-2.0209031105041504,0.3218345046043396,0.8303702473640442,-3.8786265850067139,0.9947444796562195,1.9029059410095215,0.0091915810480714,0.5797362923622131,1.9371937513351440,0.0039663161151111,0.9779402613639832,2.7591390609741211,-0.0424874499440193,0.6027762293815613,2.8274929523468018,-0.0052124904468656,0.9809673428535461,3.5061068534851074,1.5293722152709961,0.5972422361373901,3.5294890403747559,1.2111167907714844,0.9948512315750122,3.5989077091217041,1.6893517971038818,0.5965398550033569,3.6239895820617676,1.3231532573699951,0.9168376922607422,3.7656779289245605,1.1266782283782959,0.6358115673065186,3.8102889060974121,0.6459140181541443
0.7722535729408264,0.5509130358695984,-3.0265824794769287,0.8147622346878052,0.4590928256511688,-2.9638769626617432,0.8381002545356750,0.4595473110675812,-2.9635004997253418,0.8597195744514465,0.4591135680675507,-2.9635589122772217,0.7337250113487244,0.4503922462463379,-2.9591202735900879,0.7029729485511780,0.4455654919147491,-2.9601683616638184,0.6742748022079468,0.4413201510906219,-2.9597508907318115,0.8954234123229980,0.4739809334278107,-2.3007895946502686,0.6351535320281982,0.4487053751945496,-2.2944803237915039,0.8076974153518677,0.6479126811027527,-2.7511219978332520,0.7168727517127991,0.6388483643531799,-2.7516493797302246,1.0578608512878418,0.8601856231689453,-1.7198703289031982,0.4303956925868988,0.8648564219474792,-1.6204054355621338,1.1944161653518677,1.5841242074966431,-1.6093413829803467,0.2164448499679565,1.4913707971572876,-2.5255129337310791,1.1060936450958252,1.8645383119583130,-2.0570342540740967,0.3135606348514557,0.9490858316421509,-3.8068993091583252,1.1148416996002197,1.9708540439605713,-2.1763052940368652,0.2735443711280823,0.7380695939064026,-4.0782880783081055,1.0717369318008423,1.9527277946472168,-2.2403500080108643,0.3195760846138000,0.6704138517379761,-3.9596519470214844,1.0419690608978271,1.9245202541351318,-2.0986392498016357,0.3449130654335022,0.7449594736099243,-3.8039669990539551,1.0141789913177490,1.9642142057418823,-0.0199719779193401,0.5800479650497437,1.9896606206893921,0.0324733480811119,0.9920832514762878,2.8620896339416504,0.3108932971954346,0.6081722974777222,2.9474608898162842,0.4429087042808533,0.9962962865829468,3.5929777622222900,2.0306761264801025,0.5984148383140564,3.6260986328125000,1.9150686264038086,1.0095093250274658,3.6894557476043701,2.2106478214263916,0.6006843447685242,3.7121703624725342,2.0526251792907715,0.9161750078201294,3.9172048568725586,1.6427923440933228,0.6351868510246277,3.9425740242004395,1.3934786319732666
0.7752061486244202,0.5496616959571838,-2.6222014427185059,0.8194287419319153,0.4552271068096161,-2.5592589378356934,0.8428277969360352,0.4550162255764008,-2.5590591430664062,0.8637946248054504,0.4538987576961517,-2.5595097541809082,0.7345560789108276,0.4493386447429657,-2.5344004631042480,0.7035121321678162,0.4454845488071442,-2.5355501174926758,0.6749643683433533,0.4416817724704742,-2.5350921154022217,0.8955739736557007,0.4699392318725586,-1.9582782983779907,0.6398175358772278,0.4505769610404968,-1.8550589084625244,0.8155991435050964,0.6461175084114075,-2.3753962516784668,0.7193965315818787,0.6390212774276733,-2.3476071357727051,1.1002576351165771,0.9089610576629639,-1.6761859655380249,0.4720230996608734,0.8616564273834229,-1.2614303827285767,1.1713548898696899,1.5611084699630737,-1.4223995208740234,0.2028175890445709,1.4328604936599731,-2.2527179718017578,1.0557042360305786,1.7873529195785522,-1.9615567922592163,0.3298684358596802,0.8756423592567444,-3.6411182880401611,1.0554001331329346,1.8865530490875244,-2.0814847946166992,0.3028532266616821,0.7384154796600342,-3.9250462055206299,1.0262010097503662,1.8764528036117554,-2.2123594284057617,0.3608468770980835,0.6583007574081421,-3.8293762207031250,1.0012600421905518,1.8477838039398193,-2.0886111259460449,0.3694201707839966,0.7139772772789001,-3.6544380187988281,1.0303219556808472,2.0120289325714111,-0.0210152026265860,0.5991672277450562,2.0394470691680908,0.0343496985733509,1.0289424657821655,2.8671381473541260,-0.0493373163044453,0.6353207826614380,2.9536700248718262,-0.1455670744180679,1.0483877658843994,3.6216990947723389,1.6436306238174438,0.6368400454521179,3.7670629024505615,1.1066440343856812,1.0665159225463867,3.7177886962890625,1.8122646808624268,0.6446565389633179,3.8786747455596924,1.2226947546005249,0.9683796763420105,3.9424071311950684,1.2581374645233154,0.6468518972396851,4.0620870590209961,0.4523021280765533
0.7804930806159973,0.5502362847328186,-2.3901810646057129,0.8250961303710938,0.4552840590476990,-2.3144011497497559,0.8487607240676880,0.4550455510616302,-2.3137736320495605,0.8682330846786499,0.4539276659488678,-2.3142192363739014,0.7361503839492798,0.4505219757556915,-2.3128385543823242,0.7048242688179016,0.4476937651634216,-2.3139300346374512,0.6772830486297607,0.4445723295211792,-2.3134469985961914,0.8967093229293823,0.4705357849597931,-1.6615343093872070,0.6443664431571960,0.4556273519992828,-1.6656863689422607,0.8249315023422241,0.6462357044219971,-2.1274580955505371,0.7236777544021606,0.6401447057723999,-2.1298928260803223,1.0672398805618286,0.8972308039665222,-1.2421565055847168,0.4688404500484467,0.8641587495803833,-1.1038384437561035,1.1475870609283447,1.4865819215774536,-1.1168028116226196,0.2099103182554245,1.4079464673995972,-2.0725641250610352,1.0327959060668945,1.5162236690521240,-1.4539520740509033,0.3307201266288757,0.8864318728446960,-3.4511914253234863,1.0299899578094482,1.5390044450759888,-1.5695592164993286,0.3109740018844604,0.7310618162155151,-3.7289562225341797,1.0121490955352783,1.5209075212478638,-1.6447490453720093,0.3707318007946014,0.6854907274246216,-3.6571037769317627,0.9901647567749023,1.5300203561782837,-1.5041940212249756,0.3758323788642883,0.7398486733436584,-3.4733681678771973,1.0292716026306152,2.0169866085052490,-0.0160214323550463,0.6073374152183533,2.0552322864532471,0.0293605029582977,1.0333348512649536,2.8607342243194580,-0.0895255580544472,0.6446830034255981,2.9402241706848145,-0.1810707151889801,1.0453116893768311,3.6054484844207764,1.6711635589599609,0.6445111036300659,3.7979724407196045,0.9955189824104309,1.0592539310455322,3.7022235393524170,1.8600788116455078,0.6512074470520020,3.9216840267181396,1.1021668910980225,0.9763301610946655,3.9221708774566650,1.3458087444305420,0.6495282649993896,4.0741457939147949,0.3585127592086792
0.7736761569976807,0.5502678751945496,-2.4674479961395264,0.8208296895027161,0.4552537500858307,-2.4064149856567383,0.8454327583312988,0.4548469185829163,-2.4055089950561523,0.8661118745803833,0.4533915519714355,-2.4045810699462891,0.7310032844543457,0.4509653449058533,-2.3619589805603027,0.7008128762245178,0.4485166370868683,-2.3632998466491699,0.6744558811187744,0.4457477629184723,-2.3627741336822510,0.8965123891830444,0.4697938859462738,-1.8135238885879517,0.6434146165847778,0.4581179022789001,-1.7193826436996460,0.8226972818374634,0.6457573771476746,-2.2424643039703369,0.7214291691780090,0.6400490403175354,-2.2025041580200195,1.0644861459732056,0.8918202519416809,-1.3713102340698242,0.4704217016696930,0.8436697125434875,-1.1708281040191650,1.1492393016815186,1.4938253164291382,-1.4231634140014648,0.2135321646928787,1.4385203123092651,-2.1319890022277832,1.0447249412536621,1.7208595275878906,-1.9285819530487061,0.3320768177509308,0.9335581660270691,-3.4964385032653809,1.0518972873687744,1.8119952678680420,-2.0504050254821777,0.3145533204078674,0.7888342738151550,-3.7678000926971436,1.0193778276443481,1.8073166608810425,-2.1114621162414551,0.3739731609821320,0.7170646190643311,-3.6664562225341797,0.9952904582023621,1.7912122011184692,-1.9760068655014038,0.3877704739570618,0.7614242434501648,-3.5092475414276123,1.0282579660415649,2.0105524063110352,-0.0261872801929712,0.6029710769653320,2.0483841896057129,0.0413137488067150,1.0295801162719727,2.8752253055572510,-0.3324848115444183,0.6359958052635193,2.9647519588470459,-0.1774014830589294,1.0498106479644775,3.6614394187927246,1.0379276275634766,0.6385756134986877,3.7956533432006836,0.8588725924491882,1.0711325407028198,3.7706727981567383,1.1826165914535522,0.6404894590377808,3.9108963012695312,0.9508905410766602,0.9715286493301392,3.9514930248260498,0.5928541421890259,0.6496187448501587,4.0728130340576172,0.2551265656948090
0.7725430130958557,0.5549476146697998,-2.4141068458557129,0.8201805353164673,0.4586015641689301,-2.3493196964263916,0.8445454835891724,0.4582648873329163,-2.3489024639129639,0.8644782304763794,0.4571000039577484,-2.3488311767578125,0.7302778363227844,0.4537326991558075,-2.3388457298278809,0.7002431154251099,0.4507545828819275,-2.3399393558502197,0.6743708848953247,0.4471007585525513,-2.3396148681640625,0.8917702436447144,0.4731976091861725,-1.7422794103622437,0.6439995169639587,0.4585207104682922,-1.7204930782318115,0.8200570940971375,0.6490948200225830,-2.1700100898742676,0.7200893163681030,0.6415712833404541,-2.1647269725799561,1.0326640605926514,0.8869314789772034,-1.3119797706604004,0.4691818356513977,0.8267831802368164,-1.1594288349151611,1.1040917634963989,1.4994966983795166,-1.4306633472442627,0.2512414455413818,1.4123663902282715,-2.0497040748596191,0.9696671366691589,1.6028709411621094,-1.9707025289535522,0.3440642058849335,0.9306679964065552,-3.2673892974853516,0.9583511352539062,1.6372395753860474,-2.1075789928436279,0.3343555033206940,0.7595357298851013,-3.5262436866760254,0.9391463994979858,1.6120421886444092,-2.1489486694335938,0.3786296248435974,0.6943676471710205,-3.4220757484436035,0.9201902151107788,1.6141439676284790,-2.0118908882141113,0.3956618607044220,0.7431773543357849,-3.2725417613983154,1.0181546211242676,2.0066790580749512,-0.0238240808248520,0.6020669937133789,2.0195348262786865,0.0387083217501640,1.0174006223678589,2.8560259342193604,-0.2657681405544281,0.6353179216384888,2.9370954036712646,-0.1589530706405640,1.0228290557861328,3.6461682319641113,1.1441123485565186,0.6347158551216125,3.7784273624420166,0.8921393156051636,1.0371286869049072,3.7545826435089111,1.2937138080596924,0.6381709575653076,3.8885266780853271,0.9839203953742981,0.9467867612838745,3.9405431747436523,0.7416232824325562,0.6381648182868958,4.0542244911193848,0.2949207127094269
0.7699546217918396,0.5541890859603882,-2.4255161285400391,0.8155146837234497,0.4583303332328796,-2.3726344108581543,0.8391353487968445,0.4580364525318146,-2.3714601993560791,0.8593951463699341,0.4568705558776855,-2.3705096244812012,0.7275912165641785,0.4535527527332306,-2.3512425422668457,0.6980494260787964,0.4506953656673431,-2.3528740406036377,0.6721254587173462,0.4472725987434387,-2.3532681465148926,0.8860334157943726,0.4729009270668030,-1.7857434749603271,0.6423701047897339,0.4588007628917694,-1.7437444925308228,0.8174648284912109,0.6488321423530579,-2.2004344463348389,0.7197168469429016,0.6412664055824280,-2.1719415187835693,1.0379070043563843,0.8719238042831421,-1.3456897735595703,0.4842918515205383,0.8486976027488708,-1.1631925106048584,1.1352480649948120,1.5026136636734009,-1.4120612144470215,0.3107228279113770,1.4244550466537476,-2.0557971000671387,1.0444893836975098,1.8002414703369141,-1.9335800409317017,0.3581494688987732,0.9452305436134338,-3.3261547088623047,1.0538237094879150,1.9156017303466797,-2.0573291778564453,0.3397230505943298,0.7862762808799744,-3.5967259407043457,1.0084763765335083,1.9089579582214355,-2.1169178485870361,0.3825573027133942,0.7158852815628052,-3.4638881683349609,0.9854286313056946,1.8781272172927856,-1.9791657924652100,0.3954192101955414,0.7697418928146362,-3.3283095359802246,1.0192173719406128,1.9795266389846802,-0.0302536785602570,0.6015351414680481,2.0024108886718750,0.0446298345923424,1.0169471502304077,2.8521645069122314,-0.0936544910073280,0.6342202425003052,2.9364616870880127,0.0396690890192986,1.0245716571807861,3.6440598964691162,1.1981979608535767,0.6358806490898132,3.7011246681213379,1.1537476778030396,1.0411617755889893,3.7460827827453613,1.3698101043701172,0.6394786238670349,3.8037004470825195,1.2529151439666748,0.9466978311538696,3.9361691474914551,0.8171201944351196,0.6527515649795532,3.9844660758972168,0.6021136641502380
0.7616494894027710,0.5675334334373474,-2.5646419525146484,0.8117470741271973,0.4667769372463226,-2.4995503425598145,0.8356392979621887,0.4653035700321198,-2.4991209506988525,0.8556984066963196,0.4637852609157562,-2.4991736412048340,0.7145428657531738,0.4685755074024200,-2.5005741119384766,0.6861163973808289,0.4659744799137115,-2.5019562244415283,0.6623989343643188,0.4622225463390350,-2.5018649101257324,0.8768178224563599,0.4797826707363129,-1.8799941539764404,0.6354593038558960,0.4737240076065063,-1.8972234725952148,0.8087440729141235,0.6579769253730774,-2.3131167888641357,0.7045294642448425,0.6519613265991211,-2.3175292015075684,1.0072913169860840,0.8778906464576721,-1.3962739706039429,0.4831987023353577,0.9089182615280151,-1.3469359874725342,1.1353342533111572,1.5289403200149536,-1.4179810285568237,0.3074710965156555,1.4249612092971802,-2.2467210292816162,1.0511018037796021,1.6986138820648193,-1.9600509405136108,0.3664247691631317,0.9217388629913330,-3.4852557182312012,1.0629603862762451,1.7441071271896362,-2.1147179603576660,0.3570284545421600,0.7446801662445068,-3.7732625007629395,1.0262843370437622,1.7286732196807861,-2.1626923084259033,0.3913395106792450,0.6700350046157837,-3.6707439422607422,0.9990977048873901,1.7302725315093994,-2.0061016082763672,0.4063920080661774,0.7247886657714844,-3.4960131645202637,1.0159889459609985,2.0442550182342529,-0.0004737543058582,0.6006223559379578,2.0630481243133545,0.0141249867156148,1.0055247545242310,2.9147589206695557,0.4053825736045837,0.6359584331512451,2.9926576614379883,0.4518517553806305,0.9965299367904663,3.6662619113922119,2.2129616737365723,0.6228973269462585,3.7220933437347412,1.8758070468902588,0.9983683824539185,3.7646424770355225,2.4026918411254883,0.6164638400077820,3.8175363540649414,2.0097315311431885,0.9371045827865601,3.9658207893371582,1.8647849559783936,0.6544047594070435,4.0086665153503418,1.3562885522842407
0.7555578947067261,0.5675170421600342,-2.1225128173828125,0.8029190301895142,0.4696845412254333,-2.0563158988952637,0.8277381062507629,0.4671412110328674,-2.0548758506774902,0.8496010899543762,0.4646136462688446,-2.0541708469390869,0.7117670774459839,0.4711211025714874,-2.0495150089263916,0.6819127798080444,0.4681729972362518,-2.0501632690429688,0.6564251184463501,0.4643435180187225,-2.0493049621582031,0.8754153251647949,0.4797692000865936,-1.4905141592025757,0.6211971044540405,0.4782657027244568,-1.4652681350708008,0.8048776388168335,0.6545035243034363,-1.8983579874038696,0.7029019594192505,0.6502008438110352,-1.8923676013946533,1.0084235668182373,0.8651744723320007,-1.0928971767425537,0.4880211353302002,0.9071370363235474,-1.0043308734893799,1.1641724109649658,1.4380228519439697,-1.2661973237991333,0.3086121678352356,1.4786038398742676,-1.9372863769531250,1.0883626937866211,1.7333106994628906,-1.9088191986083984,0.3671891689300537,0.9087670445442200,-3.1505999565124512,1.1097522974014282,1.8414590358734131,-2.0192198753356934,0.3561118245124817,0.7174780964851379,-3.4048526287078857,1.0557967424392700,1.8502813577651978,-2.0587763786315918,0.3919708132743835,0.6517436504364014,-3.2858910560607910,1.0298038721084595,1.8228070735931396,-1.9538257122039795,0.4056976437568665,0.7142025828361511,-3.1558115482330322,1.0229363441467285,1.9808520078659058,-0.0044662533327937,0.6026816368103027,2.0234780311584473,0.0188390277326107,1.0173348188400269,2.9051136970520020,-0.1683392673730850,0.6360108852386475,2.9915614128112793,-0.0873668268322945,1.0382831096649170,3.6600790023803711,1.0019646883010864,0.6391648054122925,3.7214775085449219,0.8309607505798340,1.0570091009140015,3.7607512474060059,1.1278808116912842,0.6340838670730591,3.8198280334472656,0.9121344685554504,0.9693401455879211,3.9568037986755371,0.5922515988349915,0.6885073184967041,4.0038361549377441,0.3143112659454346
0.7552486658096313,0.5650092959403992,-2.4618687629699707,0.8015418052673340,0.4661364853382111,-2.3895802497863770,0.8261276483535767,0.4638782143592834,-2.3879485130310059,0.8480998873710632,0.4618234038352966,-2.3871860504150391,0.7118517160415649,0.4668532907962799,-2.3811619281768799,0.6818195581436157,0.4640630781650543,-2.3815398216247559,0.6560432910919189,0.4607799351215363,-2.3804070949554443,0.8732633590698242,0.4763039648532867,-1.7585675716400146,0.6193684339523315,0.4751403033733368,-1.7424726486206055,0.8029261827468872,0.6544353961944580,-2.2124872207641602,0.7028664350509644,0.6497831940650940,-2.2094273567199707,1.0631639957427979,0.8688336014747620,-1.2458637952804565,0.4793742597103119,0.9061478972434998,-1.1927757263183594,1.2139251232147217,1.4691951274871826,-1.2905768156051636,0.3019885420799255,1.4641112089157104,-2.1722970008850098,1.2089526653289795,1.8586772680282593,-1.9136308431625366,0.3587670922279358,0.8884178400039673,-3.5679473876953125,1.2499043941497803,1.9929959774017334,-2.0344269275665283,0.3375892937183380,0.7246189117431641,-3.8625328540802002,1.1910881996154785,1.9980614185333252,-2.1026206016540527,0.3858621418476105,0.6321252584457397,-3.7479298114776611,1.1568319797515869,1.9614251852035522,-1.9664533138275146,0.4045623242855072,0.7014281153678894,-3.5791878700256348,1.0335087776184082,1.9733734130859375,0.0025446773506701,0.6057912707328796,2.0188963413238525,0.0114129083231091,1.0329154729843140,2.8915982246398926,0.0371600985527039,0.6448458433151245,2.9843361377716064,0.0064786947332323,1.0590746402740479,3.6424303054809570,1.2960489988327026,0.6565191745758057,3.7027277946472168,1.1085957288742065,1.0755858421325684,3.7550535202026367,1.4095427989959717,0.6532210111618042,3.8045876026153564,1.2070358991622925,0.9950093030929565,3.9344868659973145,0.7510555982589722,0.7184234857559204,3.9892103672027588,0.5607221722602844
0.7498254179954529,0.5664915442466736,-2.3495140075683594,0.7966351509094238,0.4673162996768951,-2.2844824790954590,0.8220490217208862,0.4658274054527283,-2.2830400466918945,0.8449436426162720,0.4646213650703430,-2.2824997901916504,0.7054356336593628,0.4671764969825745,-2.2790224552154541,0.6752811670303345,0.4643505513668060,-2.2794122695922852,0.6485382318496704,0.4611944258213043,-2.2784092426300049,0.8701173067092896,0.4805459976196289,-1.7056716680526733,0.6077737212181091,0.4768825471401215,-1.7085844278335571,0.7975133657455444,0.6619275808334351,-2.1196405887603760,0.6974377632141113,0.6534392237663269,-2.1218945980072021,1.0616178512573242,0.9018722772598267,-1.2456305027008057,0.4588440358638763,0.9047147631645203,-1.2024246454238892,1.2062671184539795,1.5014445781707764,-1.2927308082580566,0.2228807657957077,1.4646359682083130,-2.1548166275024414,1.2010769844055176,1.8580775260925293,-1.9112589359283447,0.3662719726562500,0.8367555737495422,-3.4516773223876953,1.2394940853118896,1.9822765588760376,-2.0355393886566162,0.3440090417861938,0.6916919350624084,-3.7255413532257080,1.1830884218215942,1.9864904880523682,-2.1000618934631348,0.3941542506217957,0.5874039530754089,-3.5828869342803955,1.1492998600006104,1.9507917165756226,-1.9631025791168213,0.4065741598606110,0.6456817984580994,-3.4440569877624512,1.0134286880493164,2.0042061805725098,0.0131539274007082,0.5849400758743286,2.0401930809020996,-0.0003931339888368,1.0155736207962036,2.8986663818359375,0.1420957446098328,0.6258175969123840,3.0235800743103027,0.0835341885685921,1.0310611724853516,3.6379971504211426,1.4643090963363647,0.6253895163536072,3.7352414131164551,1.1634962558746338,1.0420714616775513,3.7528443336486816,1.5968275070190430,0.6189596056938171,3.8414335250854492,1.2602019309997559,0.9786775708198547,3.9302775859832764,1.0693546533584595,0.6950344443321228,4.0278100967407227,0.6498611569404602
0.7490404248237610,0.5623009800910950,-1.9950907230377197,0.7956544160842896,0.4671682417392731,-1.9322735071182251,0.8211805224418640,0.4658298790454865,-1.9308385848999023,0.8444185256958008,0.4646656811237335,-1.9300314188003540,0.7055097818374634,0.4647434353828430,-1.9203395843505859,0.6753717660903931,0.4610807597637177,-1.9206765890121460,0.6485429406166077,0.4575123488903046,-1.9197034835815430,0.8766492605209351,0.4805328249931335,-1.3837260007858276,0.6063216924667358,0.4755149185657501,-1.3462698459625244,0.7970103025436401,0.6553909182548523,-1.7785028219223022,0.6973061561584473,0.6468664407730103,-1.7689050436019897,1.0292234420776367,0.8746441602706909,-1.0008008480072021,0.4629826545715332,0.8320142030715942,-0.9163984060287476,1.1715487241744995,1.4850807189941406,-1.1326560974121094,0.2291174381971359,1.4128918647766113,-1.7740509510040283,1.1590534448623657,1.8944890499114990,-1.7723230123519897,0.3653934001922607,0.8093372583389282,-2.9648733139038086,1.2018680572509766,2.0441131591796875,-1.8912168741226196,0.3438625633716583,0.6315420269966125,-3.2157893180847168,1.1369756460189819,2.0485532283782959,-1.9553419351577759,0.3960800170898438,0.5612164735794067,-3.1013524532318115,1.1059907674789429,2.0029404163360596,-1.8264458179473877,0.4063716530799866,0.6098450422286987,-2.9699041843414307,1.0015895366668701,1.9661459922790527,0.0062038050964475,0.5781413912773132,1.9812263250350952,0.0070283613167703,0.9894685745239258,2.8593776226043701,-0.1612247675657272,0.6021403074264526,2.9096128940582275,-0.1500354111194611,0.9996426701545715,3.5999455451965332,0.9073044061660767,0.6063011884689331,3.6437072753906250,0.7058783769607544,1.0139150619506836,3.7189831733703613,1.0210013389587402,0.6006237268447876,3.7613105773925781,0.7810410261154175,0.9353778958320618,3.8785886764526367,0.5102735757827759,0.6605201363563538,3.9163100719451904,0.2061978876590729
0.7490525245666504,0.5626077651977539,-2.5450687408447266,0.7957007884979248,0.4667229354381561,-2.4916329383850098,0.8211575746536255,0.4655850529670715,-2.4915618896484375,0.8443378210067749,0.4645377695560455,-2.4914813041687012,0.7067112922668457,0.4637219011783600,-2.4854702949523926,0.6758213043212891,0.4600860178470612,-2.4864304065704346,0.6488028168678284,0.4564814269542694,-2.4862787723541260,0.8759782910346985,0.4802996218204498,-1.8746448755264282,0.6068797707557678,0.4699699580669403,-1.8715512752532959,0.7957036495208740,0.6565332412719727,-2.2895283699035645,0.6972338557243347,0.6471388339996338,-2.2912328243255615,1.0143923759460449,0.8718832731246948,-1.4145066738128662,0.4509184956550598,0.8354021906852722,-1.2891809940338135,1.1698416471481323,1.4731925725936890,-1.3949313163757324,0.2145264595746994,1.3534715175628662,-2.4098370075225830,1.1556469202041626,1.8555667400360107,-1.8381284475326538,0.3654615581035614,0.7974846363067627,-3.8791949748992920,1.1970868110656738,1.9971963167190552,-1.9713109731674194,0.3617624938488007,0.6223607659339905,-4.1848406791687012,1.1335108280181885,1.9790674448013306,-2.0296401977539062,0.3995662331581116,0.5590141415596008,-4.0740137100219727,1.1029196977615356,1.9542257785797119,-1.8802887201309204,0.4165247976779938,0.6073614358901978,-3.8942494392395020,0.9999027252197266,1.9672034978866577,-0.0115447184070945,0.5785971283912659,1.9839102029800415,0.0244993958622217,0.9839640855789185,2.8454749584197998,0.2041979730129242,0.6038382053375244,2.9049987792968750,0.2394503355026245,0.9990496635437012,3.6036527156829834,1.6890361309051514,0.6089122891426086,3.6205344200134277,1.5923639535903931,1.0137790441513062,3.7200624942779541,1.8374240398406982,0.6094820499420166,3.7154996395111084,1.7164847850799561,0.9242004156112671,3.8798599243164062,1.2395514249801636,0.6550928950309753,3.8914692401885986,1.0624148845672607
0.7508259415626526,0.5594164729118347,-1.9548448324203491,0.7967821359634399,0.4664320945739746,-1.8923771381378174,0.8221601247787476,0.4653741717338562,-1.8910105228424072,0.8452544212341309,0.4643250703811646,-1.8902959823608398,0.7103120088577271,0.4622680842876434,-1.8854227066040039,0.6805933117866516,0.4580516815185547,-1.8856792449951172,0.6529425382614136,0.4540065228939056,-1.8846857547760010,0.8820539712905884,0.4786950051784515,-1.3516879081726074,0.6094393730163574,0.4673214256763458,-1.3373713493347168,0.7972475290298462,0.6507779955863953,-1.7410156726837158,0.6991239786148071,0.6447657942771912,-1.7381517887115479,1.0151132345199585,0.8564827442169189,-0.9580486416816711,0.4721149504184723,0.8114641904830933,-0.9425712823867798,1.1686795949935913,1.4527125358581543,-1.0362244844436646,0.2529199719429016,1.3623538017272949,-1.7861064672470093,1.1673277616500854,1.8595368862152100,-1.6264308691024780,0.3740765750408173,0.8051263093948364,-2.9425280094146729,1.2118602991104126,2.0051131248474121,-1.7341092824935913,0.3632006347179413,0.6253711581230164,-3.1934647560119629,1.1532970666885376,2.0049364566802979,-1.8130245208740234,0.4061904847621918,0.5657057166099548,-3.0789656639099121,1.1209418773651123,1.9645535945892334,-1.6854250431060791,0.4234549105167389,0.6155888438224792,-2.9459156990051270,0.9991747140884399,1.9354382753372192,-0.0032708928920329,0.5809941887855530,1.9436177015304565,0.0160377174615860,0.9843068122863770,2.8000142574310303,-0.0906763374805450,0.6049230098724365,2.8394179344177246,-0.1114187464118004,0.9950024485588074,3.5179564952850342,0.9803982973098755,0.6101737022399902,3.5504515171051025,0.7496744990348816,1.0084310770034790,3.6339223384857178,1.0948169231414795,0.6101844310760498,3.6625657081604004,0.8247967958450317,0.9259117245674133,3.7916536331176758,0.6171694993972778,0.6560649871826172,3.8193840980529785,0.2712954282760620
0.7468839883804321,0.5598422884941101,-2.6159532070159912,0.7962568998336792,0.4650867581367493,-2.5652589797973633,0.8217603564262390,0.4641492962837219,-2.5652289390563965,0.8447251319885254,0.4633115828037262,-2.5650444030761719,0.7077485322952271,0.4616554975509644,-2.5526740550994873,0.6768348217010498,0.4577674567699432,-2.5538511276245117,0.6500180959701538,0.4538025856018066,-2.5536198616027832,0.8799322247505188,0.4779635667800903,-1.9627583026885986,0.6095809936523438,0.4650469422340393,-1.9242012500762939,0.7937813997268677,0.6526399850845337,-2.3639464378356934,0.6946957111358643,0.6454388499259949,-2.3554949760437012,1.0088387727737427,0.8566304445266724,-1.5134459733963013,0.4717289805412292,0.8148464560508728,-1.3166491985321045,1.1608166694641113,1.4541791677474976,-1.6152786016464233,0.2537626624107361,1.3661284446716309,-2.3489975929260254,1.0858358144760132,1.7212792634963989,-2.1431713104248047,0.3737457394599915,0.8009711503982544,-3.7069325447082520,1.0960738658905029,1.8133952617645264,-2.2873024940490723,0.3622700572013855,0.6279262304306030,-3.9891078472137451,1.0532019138336182,1.7957974672317505,-2.3181738853454590,0.4077518880367279,0.5657339692115784,-3.8745841979980469,1.0278198719024658,1.7816143035888672,-2.1768920421600342,0.4271267056465149,0.6130479574203491,-3.7129943370819092,1.0075161457061768,1.9386261701583862,-0.0338437408208847,0.5935038924217224,1.9493391513824463,0.0466117188334465,0.9846925735473633,2.8042726516723633,0.1009786278009415,0.6132110357284546,2.8537673950195312,0.2354778796434402,0.9956293106079102,3.5248782634735107,1.5369675159454346,0.6151949167251587,3.5636274814605713,1.4988911151885986,1.0088440179824829,3.6414995193481445,1.6870553493499756,0.6193265914916992,3.6616265773773193,1.6177145242691040,0.9117106199264526,3.8287246227264404,1.0983749628067017,0.6516164541244507,3.8421173095703125,0.9753226041793823
0.7404266595840454,0.5638216733932495,-2.1877110004425049,0.7908009290695190,0.4684301316738129,-2.1289887428283691,0.8169763684272766,0.4674850404262543,-2.1276621818542480,0.8403893709182739,0.4666160345077515,-2.1270587444305420,0.7006579637527466,0.4669547080993652,-2.1178803443908691,0.6693210005760193,0.4650675654411316,-2.1183383464813232,0.6434527635574341,0.4630784094333649,-2.1173944473266602,0.8748432397842407,0.4823907613754272,-1.5771315097808838,0.6073268651962280,0.4793074727058411,-1.5464832782745361,0.7910420894622803,0.6578826308250427,-1.9668319225311279,0.6930930018424988,0.6511968970298767,-1.9597084522247314,1.0092513561248779,0.8575944900512695,-1.1600993871688843,0.4850878715515137,0.8463138341903687,-1.0718255043029785,1.1776001453399658,1.4715881347656250,-1.2483810186386108,0.2616335451602936,1.4129897356033325,-1.9730011224746704,1.1725269556045532,1.8351740837097168,-1.8371473550796509,0.3783601224422455,0.8159270882606506,-3.1920456886291504,1.2120883464813232,1.9609626531600952,-1.9539444446563721,0.3629195690155029,0.6547377109527588,-3.4503636360168457,1.1614903211593628,1.9612910747528076,-2.0164570808410645,0.4149474501609802,0.5712519884109497,-3.3319945335388184,1.1282207965850830,1.9276096820831299,-1.8906080722808838,0.4277848303318024,0.6210916042327881,-3.1978108882904053,1.0123428106307983,1.9404253959655762,-0.0142062734812498,0.5988898277282715,1.9586392641067505,0.0274745263159275,1.0070918798446655,2.8200798034667969,0.0252556204795837,0.6317626237869263,2.8846459388732910,0.0402593389153481,1.0248931646347046,3.5386869907379150,1.2701880931854248,0.6393941640853882,3.6071829795837402,1.0376671552658081,1.0389711856842041,3.6580495834350586,1.4017553329467773,0.6373056173324585,3.7143721580505371,1.1273952722549438,0.9641550183296204,3.8320214748382568,0.8827297091484070,0.6933465003967285,3.8810191154479980,0.5256634950637817
0.7306090593338013,0.5690107941627502,-2.1727435588836670,0.7840081453323364,0.4729739129543304,-2.1011273860931396,0.8108956217765808,0.4730270802974701,-2.0997531414031982,0.8348678350448608,0.4730601906776428,-2.0991983413696289,0.6914526820182800,0.4711030721664429,-2.1075108051300049,0.6577631831169128,0.4703176319599152,-2.1080284118652344,0.6320418119430542,0.4681363105773926,-2.1070971488952637,0.8671144247055054,0.4913017153739929,-1.5154532194137573,0.5921964049339294,0.4879046976566315,-1.5656955242156982,0.7815934419631958,0.6661229729652405,-1.9427301883697510,0.6804336905479431,0.6570823788642883,-1.9589307308197021,0.9713044166564941,0.8646888732910156,-1.1000498533248901,0.4460464417934418,0.8657293915748596,-1.0870897769927979,1.1719838380813599,1.4571461677551270,-1.1633431911468506,0.2389952838420868,1.4278128147125244,-1.9997755289077759,1.1688954830169678,1.8045394420623779,-1.7778999805450439,0.3583838939666748,0.8241627216339111,-3.1645221710205078,1.2048267126083374,1.9280370473861694,-1.9031314849853516,0.3433192968368530,0.6851326227188110,-3.4182682037353516,1.1569721698760986,1.9372977018356323,-1.9577767848968506,0.4018802046775818,0.5809614658355713,-3.3105397224426270,1.1241890192031860,1.9030973911285400,-1.8322511911392212,0.4208682179450989,0.6260530352592468,-3.1725194454193115,0.9919582605361938,1.9639375209808350,0.0177210457623005,0.5786720514297485,1.9978008270263672,-0.0045268987305462,0.9959208369255066,2.8297395706176758,-0.0601791031658649,0.6160748004913330,2.9330742359161377,-0.1277775466442108,1.0124847888946533,3.5455019474029541,1.0900993347167969,0.6210144758224487,3.6634943485260010,0.7918795943260193,1.0245102643966675,3.6705105304718018,1.2130286693572998,0.6140666007995605,3.7752223014831543,0.8736513853073120,0.9626123309135437,3.8378651142120361,0.6966665983200073,0.6893881559371948,3.9366290569305420,0.2592340111732483
0.7309204339981079,0.5688340663909912,-1.7305653095245361,0.7829876542091370,0.4732339084148407,-1.6621030569076538,0.8097522854804993,0.4733572602272034,-1.6603189706802368,0.8342083692550659,0.4732638895511627,-1.6591613292694092,0.6950241327285767,0.4707866609096527,-1.6511974334716797,0.6651374697685242,0.4687392115592957,-1.6512101888656616,0.6389276981353760,0.4653380811214447,-1.6500022411346436,0.8691427111625671,0.4912171661853790,-1.1442544460296631,0.5991629362106323,0.4831381738185883,-1.1148395538330078,0.7805563211441040,0.6618388295173645,-1.5343554019927979,0.6827908754348755,0.6537263989448547,-1.5276637077331543,0.9764774441719055,0.8593985438346863,-0.8068056106567383,0.4477121233940125,0.8491668105125427,-0.7297971844673157,1.1510789394378662,1.4464012384414673,-0.8860422372817993,0.2418932467699051,1.4059489965438843,-1.4933615922927856,1.1634415388107300,1.8292763233184814,-1.4631099700927734,0.3649122118949890,0.8389232158660889,-2.6276314258575439,1.2011951208114624,1.9717758893966675,-1.5609897375106812,0.3477595448493958,0.6857071518898010,-2.8656394481658936,1.1561044454574585,1.9882925748825073,-1.6254574060440063,0.3973137438297272,0.6036518216133118,-2.7506546974182129,1.1205551624298096,1.9399400949478149,-1.5185242891311646,0.4183591008186340,0.6524051427841187,-2.6337902545928955,0.9790730476379395,1.9023783206939697,0.0133444238454103,0.5677545666694641,1.9117842912673950,0.0008059566607699,0.9919866323471069,2.7714800834655762,-0.2252867519855499,0.6116790175437927,2.8105878829956055,-0.2263098657131195,1.0150631666183472,3.4921565055847168,0.6505297422409058,0.6265355944633484,3.5124773979187012,0.5045355558395386,1.0303223133087158,3.6148273944854736,0.7457710504531860,0.6226183772087097,3.6309857368469238,0.5671614408493042,0.9620965719223022,3.7664198875427246,0.2557242512702942,0.6904009580612183,3.7720196247100830,0.0262166559696198
0.7521855831146240,0.5600208044052124,-2.2173922061920166,0.7961599230766296,0.4653986394405365,-2.1564748287200928,0.8188698887825012,0.4646974503993988,-2.1566109657287598,0.8403738141059875,0.4637613892555237,-2.1564593315124512,0.7163072228431702,0.4625660777091980,-2.1482419967651367,0.6862446069717407,0.4594231545925140,-2.1491963863372803,0.6579560041427612,0.4552650451660156,-2.1489772796630859,0.8728254437446594,0.4780679047107697,-1.5457985401153564,0.6160581707954407,0.4608448147773743,-1.5271605253219604,0.7899830937385559,0.6514822840690613,-1.9692275524139404,0.6999440193176270,0.6429948806762695,-1.9669153690338135,0.9792382121086121,0.8419734835624695,-1.1253951787948608,0.4751949310302734,0.7942650318145752,-0.8719534873962402,1.0554385185241699,1.4185701608657837,-1.1491771936416626,0.2447034567594528,1.3177702426910400,-1.5901652574539185,0.9262602925300598,1.5698724985122681,-1.5810799598693848,0.3654547035694122,0.8400765061378479,-2.9521348476409912,0.9075484275817871,1.6348102092742920,-1.6914796829223633,0.3479081094264984,0.6808805465698242,-3.1942682266235352,0.8917754292488098,1.6025055646896362,-1.7450256347656250,0.3955688476562500,0.6033401489257812,-3.1379995346069336,0.8782394528388977,1.5923676490783691,-1.6228287220001221,0.4184505939483643,0.6522926688194275,-2.9640920162200928,0.9771658182144165,1.8796697854995728,-0.0287536028772593,0.5733338594436646,1.8896795511245728,0.0424029864370823,0.9845329523086548,2.6771187782287598,-0.2573007941246033,0.6114567518234253,2.7463040351867676,-0.1721760183572769,1.0105602741241455,3.4471859931945801,0.8200720548629761,0.6282986998558044,3.4997210502624512,0.8477479815483093,1.0292184352874756,3.5540931224822998,0.7588442564010620,0.6339770555496216,3.6076097488403320,0.9399582147598267,0.9326297640800476,3.7310044765472412,0.4557409882545471,0.6479853391647339,3.7641806602478027,0.2568382918834686
0.7382600307464600,0.5699225068092346,-2.3388042449951172,0.7835379838943481,0.4735738039016724,-2.2852783203125000,0.8089521527290344,0.4720991551876068,-2.2852997779846191,0.8306223750114441,0.4703888893127441,-2.2850127220153809,0.6959244012832642,0.4695638716220856,-2.2745776176452637,0.6691504716873169,0.4651141166687012,-2.2755968570709229,0.6459101438522339,0.4601372778415680,-2.2753267288208008,0.8596326708793640,0.4831512272357941,-1.7011740207672119,0.6145466566085815,0.4637932181358337,-1.6691961288452148,0.7823419570922852,0.6626450419425964,-2.0983717441558838,0.6914881467819214,0.6495765447616577,-2.0923104286193848,0.9776102900505066,0.8423439860343933,-1.2984955310821533,0.4639005064964294,0.7976775765419006,-1.0812027454376221,1.0759317874908447,1.3829716444015503,-1.4116859436035156,0.2680904865264893,1.3209828138351440,-2.0138039588928223,0.9595758318901062,1.5483740568161011,-1.8616319894790649,0.3655683100223541,0.8520444631576538,-3.2920632362365723,0.9497529864311218,1.6217596530914307,-1.9860500097274780,0.3372024595737457,0.6910085082054138,-3.5494282245635986,0.9182053804397583,1.6022061109542847,-2.0086750984191895,0.3925029635429382,0.6181756258010864,-3.4537036418914795,0.9019582867622375,1.5932039022445679,-1.8906383514404297,0.4169638752937317,0.6660162210464478,-3.3030610084533691,0.9821176528930664,1.8818259239196777,-0.0408250950276852,0.5803951621055603,1.8980166912078857,0.0544992387294769,0.9845577478408813,2.6996612548828125,-0.1553488075733185,0.6157135963439941,2.7724869251251221,0.0217241216450930,1.0120292901992798,3.4581139087677002,1.1234325170516968,0.6378819346427917,3.5117392539978027,1.1205852031707764,1.0328700542449951,3.5580537319183350,1.2339493036270142,0.6460808515548706,3.6112780570983887,1.2210196256637573,0.9306507110595703,3.7547848224639893,0.6824340820312500,0.6513672471046448,3.7825646400451660,0.5843054056167603
0.7421471476554871,0.5629097819328308,-1.9391317367553711,0.7841387987136841,0.4684219062328339,-1.8630821704864502,0.8093097805976868,0.4667200744152069,-1.8620700836181641,0.8307558298110962,0.4646669030189514,-1.8612346649169922,0.6988841295242310,0.4665845036506653,-1.8492271900177002,0.6720530986785889,0.4634109735488892,-1.8496547937393188,0.6476498246192932,0.4596469700336456,-1.8487708568572998,0.8616753816604614,0.4780992865562439,-1.2827783823013306,0.6163933277130127,0.4642121493816376,-1.2305817604064941,0.7878788709640503,0.6549027562141418,-1.7154009342193604,0.6981071233749390,0.6479743719100952,-1.7024081945419312,1.0025789737701416,0.8343278169631958,-0.9220431447029114,0.4956749379634857,0.8347792029380798,-0.7800275087356567,1.1328257322311401,1.3842031955718994,-1.0514488220214844,0.2942154705524445,1.4427981376647949,-1.6147089004516602,1.0269552469253540,1.7217106819152832,-1.6933571100234985,0.3751105368137360,0.9423354864120483,-2.8977446556091309,1.0350711345672607,1.8518450260162354,-1.8216775655746460,0.3412767052650452,0.7696593403816223,-3.1659188270568848,0.9774031639099121,1.8536686897277832,-1.8817355632781982,0.3925242722034454,0.6950050592422485,-3.0653131008148193,0.9592970609664917,1.8171898126602173,-1.7439639568328857,0.4138769209384918,0.7587801218032837,-2.9100227355957031,1.0253826379776001,1.8872951269149780,-0.0323764160275459,0.6119750142097473,1.9059965610504150,0.0468908064067364,1.0177867412567139,2.7016098499298096,-0.2483672350645065,0.6407171487808228,2.7829806804656982,-0.1499838829040527,1.0370506048202515,3.4712262153625488,0.9417044520378113,0.6574011445045471,3.5175704956054688,0.8013089299201965,1.0540430545806885,3.5730855464935303,1.0631815195083618,0.6607139706611633,3.6182758808135986,0.8819038271903992,0.9673241376876831,3.7633695602416992,0.5337293148040771,0.6905971765518188,3.7892100811004639,0.2737895846366882
0.7286117076873779,0.5644457340240479,-2.4824712276458740,0.7762668728828430,0.4696523845195770,-2.4354805946350098,0.8042262792587280,0.4682627320289612,-2.4353809356689453,0.8270868062973022,0.4666144549846649,-2.4348638057708740,0.6874675154685974,0.4671068787574768,-2.4151468276977539,0.6634924411773682,0.4637422859668732,-2.4163699150085449,0.6429122090339661,0.4598442018032074,-2.4167401790618896,0.8598327636718750,0.4797108471393585,-1.8737394809722900,0.6168583631515503,0.4636622071266174,-1.7829096317291260,0.7797639369964600,0.6578643918037415,-2.2478621006011963,0.6898700594902039,0.6480540037155151,-2.2247576713562012,0.9985293149948120,0.8352449536323547,-1.4489510059356689,0.5100407600402832,0.8233980536460876,-1.1473977565765381,1.0372183322906494,1.3835583925247192,-1.6536448001861572,0.3009761273860931,1.4378199577331543,-1.8947712182998657,0.8176906704902649,1.2567861080169678,-2.1182310581207275,0.3888601064682007,0.9595390558242798,-3.0885374546051025,0.7706338167190552,1.2333606481552124,-2.2603831291198730,0.3522424101829529,0.8036525845527649,-3.3262150287628174,0.7716501355171204,1.1891709566116333,-2.2648546695709229,0.3974937498569489,0.7273067831993103,-3.2328712940216064,0.7685042023658752,1.2113434076309204,-2.1423008441925049,0.4142967760562897,0.7918248772621155,-3.0928289890289307,1.0245794057846069,1.8700447082519531,-0.0559817068278790,0.6106819510459900,1.8768631219863892,0.0698877200484276,1.0013804435729980,2.6973478794097900,-0.3045954406261444,0.6342571377754211,2.7374305725097656,-0.0894086137413979,1.0005924701690674,3.4435985088348389,0.8942941427230835,0.6398800015449524,3.4749810695648193,0.8393457531929016,1.0206371545791626,3.5373713970184326,1.0200784206390381,0.6447104215621948,3.5722198486328125,0.9223363995552063,0.8981602787971497,3.7221348285675049,0.4605154097080231,0.6467714309692383,3.7357337474822998,0.3065664768218994
0.7225162386894226,0.5660508871078491,-2.1731867790222168,0.7733254432678223,0.4706625938415527,-2.1507742404937744,0.8021947145462036,0.4693779349327087,-2.1511902809143066,0.8254746198654175,0.4679351449012756,-2.1508903503417969,0.6811385750770569,0.4679089784622192,-2.1000196933746338,0.6570281386375427,0.4643364548683167,-2.1013479232788086,0.6374465227127075,0.4602142274379730,-2.1018157005310059,0.8585413098335266,0.4821034073829651,-1.8195674419403076,0.6161772012710571,0.4638135135173798,-1.4873244762420654,0.7765941619873047,0.6621958017349243,-1.9850912094116211,0.6833686828613281,0.6487404704093933,-1.9242826700210571,0.9919177293777466,0.8443356752395630,-1.3663885593414307,0.5172469615936279,0.8234317302703857,-0.9098049402236938,0.9513815045356750,1.3483517169952393,-1.7610692977905273,0.2995234429836273,1.4389177560806274,-1.6392034292221069,0.5232368707656860,1.0202562808990479,-2.1917948722839355,0.3885066807270050,0.9644327759742737,-2.7686953544616699,0.4326788783073425,0.8921507000923157,-2.3578085899353027,0.3551996648311615,0.7938010096549988,-2.9918491840362549,0.4388229250907898,0.8148735165596008,-2.2941260337829590,0.3975602090358734,0.7297918200492859,-2.8749258518218994,0.4879348278045654,0.8742037415504456,-2.1883711814880371,0.4129838943481445,0.7785343527793884,-2.7622420787811279,1.0218180418014526,1.9054890871047974,-0.1037039980292320,0.6194075345993042,1.9023759365081787,0.1170805469155312,0.9998995065689087,2.7110941410064697,-0.3218081593513489,0.6338353753089905,2.7482244968414307,-0.0335048064589500,0.9985457658767700,3.4515833854675293,0.8579034805297852,0.6401190161705017,3.4828374385833740,0.9041013717651367,1.0204160213470459,3.5472314357757568,0.9863681793212891,0.6459993124008179,3.5823814868927002,0.9931938052177429,0.8892419934272766,3.7311773300170898,0.4809943735599518,0.6351278424263000,3.7455136775970459,0.4361883699893951
0.7213075160980225,0.5624342560768127,-1.6754261255264282,0.7712777256965637,0.4689278900623322,-1.6335626840591431,0.8014301061630249,0.4664019048213959,-1.6331532001495361,0.8249930143356323,0.4639016389846802,-1.6326282024383545,0.6811743974685669,0.4679605662822723,-1.5871402025222778,0.6571511626243591,0.4647945165634155,-1.5879504680633545,0.6386739015579224,0.4612403810024261,-1.5881164073944092,0.8584612011909485,0.4798407256603241,-1.2096916437149048,0.6244389414787292,0.4650596082210541,-0.9947360157966614,0.7775756716728210,0.6530813574790955,-1.5023252964019775,0.6837689876556396,0.6438653469085693,-1.4445273876190186,0.9918673634529114,0.8450428247451782,-1.0337212085723877,0.5792291760444641,0.8235224485397339,-0.4807686209678650,0.9405828714370728,1.3373813629150391,-1.3814364671707153,0.3732819557189941,1.4015519618988037,-1.1045697927474976,0.5221879482269287,1.0213176012039185,-1.6535289287567139,0.3883452713489532,0.9529997110366821,-2.1452026367187500,0.5516575574874878,0.9759060740470886,-1.7763983011245728,0.3383642137050629,0.7923691272735596,-2.3458216190338135,0.4732228815555573,0.8111160397529602,-1.7276455163955688,0.3893839716911316,0.7272338867187500,-2.2487494945526123,0.4830798208713531,0.8806015849113464,-1.6517198085784912,0.4035016596317291,0.7723022103309631,-2.1514871120452881,1.0139782428741455,1.9042038917541504,-0.1284447163343430,0.6332935690879822,1.9020985364913940,0.1417959928512573,0.9725149869918823,2.7138319015502930,-0.4948038458824158,0.6339980363845825,2.7292077541351318,-0.0613217055797577,0.9671239852905273,3.4531545639038086,0.5822244882583618,0.6385878324508667,3.4896879196166992,0.6671541333198547,0.9874967336654663,3.5513198375701904,0.7028540372848511,0.6452432274818420,3.6077160835266113,0.7359652519226074,0.8587639927864075,3.7331948280334473,0.2319861948490143,0.6152511835098267,3.7432987689971924,0.2233975827693939
0.7214580178260803,0.5625151991844177,-2.2342066764831543,0.7716964483261108,0.4689444899559021,-2.1767935752868652,0.8028634190559387,0.4664318859577179,-2.1767086982727051,0.8272064328193665,0.4639704823493958,-2.1767139434814453,0.6815468072891235,0.4682504236698151,-2.1713559627532959,0.6584537625312805,0.4652019143104553,-2.1725087165832520,0.6399328112602234,0.4617447257041931,-2.1726052761077881,0.8592423200607300,0.4798753559589386,-1.5940115451812744,0.6241350173950195,0.4657518565654755,-1.5739213228225708,0.7781814932823181,0.6531794071197510,-1.9930416345596313,0.6860750317573547,0.6441048383712769,-1.9904272556304932,0.9917246103286743,0.8447189331054688,-1.1895248889923096,0.5049781799316406,0.8260014653205872,-1.0183289051055908,0.9704667925834656,1.3185616731643677,-1.3861153125762939,0.3388144075870514,1.3965268135070801,-1.7481979131698608,0.6736637949943542,1.0987209081649780,-1.7154382467269897,0.3774828314781189,0.9523328542709351,-2.7956092357635498,0.6001352071762085,1.0664328336715698,-1.8314285278320312,0.3378883004188538,0.7792641520500183,-3.0177118778228760,0.5938419699668884,0.9880039095878601,-1.8263915777206421,0.3794651031494141,0.7208216190338135,-2.9359927177429199,0.6012787818908691,1.0247969627380371,-1.7280695438385010,0.3992189168930054,0.7627773880958557,-2.7996840476989746,0.9974164962768555,1.9041820764541626,-0.0653129965066910,0.6150676608085632,1.9039591550827026,0.0778834968805313,0.9723695516586304,2.7063026428222656,-0.2968505322933197,0.6286973357200623,2.7338380813598633,-0.0617710575461388,0.9678204655647278,3.4434812068939209,1.0092248916625977,0.6327648758888245,3.4911484718322754,0.8520976901054382,0.9851347208023071,3.5373802185058594,1.1484810113906860,0.6392139792442322,3.6086232662200928,0.9371961355209351,0.8635522723197937,3.7295906543731689,0.6404698491096497,0.6185356378555298,3.7540326118469238,0.3091875314712524
0.7229710817337036,0.5625445842742920,-2.6767168045043945,0.7718613147735596,0.4682922661304474,-2.6243364810943604,0.8024417161941528,0.4660365283489227,-2.6242623329162598,0.8262081146240234,0.4636756479740143,-2.6240527629852295,0.6822421550750732,0.4668748974800110,-2.6128265857696533,0.6585277318954468,0.4640736281871796,-2.6140341758728027,0.6384916305541992,0.4610717594623566,-2.6141235828399658,0.8592749834060669,0.4785433411598206,-2.0240001678466797,0.6188070178031921,0.4658450186252594,-1.9735943078994751,0.7782334089279175,0.6532783508300781,-2.4233348369598389,0.6862241625785828,0.6456226706504822,-2.4116845130920410,1.0350857973098755,0.8448162078857422,-1.5267840623855591,0.4978572726249695,0.8258687853813171,-1.3750193119049072,1.1186854839324951,1.4477411508560181,-1.6470597982406616,0.3057680726051331,1.4230283498764038,-2.2444782257080078,0.9449876546859741,1.6197317838668823,-2.1879248619079590,0.3754835426807404,0.9609439969062805,-3.4789452552795410,0.9196365475654602,1.6936795711517334,-2.3356044292449951,0.3378086984157562,0.8119852542877197,-3.7452614307403564,0.8892319798469543,1.6671831607818604,-2.3706605434417725,0.3722124695777893,0.7182340621948242,-3.6429171562194824,0.8752865791320801,1.6540890932083130,-2.2237553596496582,0.3968022465705872,0.7655264735221863,-3.4829955101013184,1.0183089971542358,1.9033921957015991,-0.0269418843090534,0.6150587201118469,1.9059276580810547,0.0393977947533131,1.0121370553970337,2.7222082614898682,0.1285715699195862,0.6480433344841003,2.8007266521453857,0.2571897506713867,1.0105293989181519,3.4435172080993652,1.6047652959823608,0.6410120725631714,3.4958577156066895,1.4029691219329834,1.0211994647979736,3.5355849266052246,1.7565389871597290,0.6424350738525391,3.6061184406280518,1.5075933933258057,0.9362322688102722,3.7307589054107666,1.2146724462509155,0.6691368818283081,3.7768537998199463,0.8658295869827271
0.7211548089981079,0.5627763867378235,-2.6779208183288574,0.7710397839546204,0.4673102796077728,-2.6237580776214600,0.8023740053176880,0.4647349417209625,-2.6235671043395996,0.8262144923210144,0.4621958136558533,-2.6233024597167969,0.6789159774780273,0.4668469130992889,-2.6116473674774170,0.6550250649452209,0.4640761613845825,-2.6127901077270508,0.6353693604469299,0.4610510170459747,-2.6126873493194580,0.8587957620620728,0.4757841527462006,-2.0243749618530273,0.6126247644424438,0.4657474458217621,-1.9754451513290405,0.7782701253890991,0.6543286442756653,-2.4288363456726074,0.6857950687408447,0.6464670300483704,-2.4178960323333740,1.0110704898834229,0.8429529666900635,-1.5496966838836670,0.4665590822696686,0.8518110513687134,-1.3599579334259033,1.1107879877090454,1.4585477113723755,-1.6597509384155273,0.3095467388629913,1.4401283264160156,-2.1804709434509277,0.9877748489379883,1.5430001020431519,-2.1396431922912598,0.3716909885406494,0.9663800001144409,-3.3352408409118652,0.9849184155464172,1.5761883258819580,-2.2734282016754150,0.3326178491115570,0.8067528605461121,-3.5834298133850098,0.9606612324714661,1.5503650903701782,-2.3026046752929688,0.3697544634342194,0.7171844840049744,-3.4827265739440918,0.9354946017265320,1.5536658763885498,-2.1736590862274170,0.3964410424232483,0.7700834870338440,-3.3394989967346191,1.0131230354309082,1.9035105705261230,-0.0305540673434734,0.6016686558723450,1.9079722166061401,0.0429550334811211,0.9929950833320618,2.7410023212432861,0.0573049299418926,0.6350950002670288,2.8091499805450439,0.2855131030082703,0.9853878021240234,3.4936826229095459,1.4622048139572144,0.6222593188285828,3.5052347183227539,1.4086892604827881,0.9975144267082214,3.5879106521606445,1.6113398075103760,0.6276400685310364,3.6074652671813965,1.5128500461578369,0.8951656222343445,3.8025386333465576,1.0761301517486572,0.6339378356933594,3.7955060005187988,0.8984001874923706
0.7192898988723755,0.5655862689018250,-2.7736575603485107,0.7695215344429016,0.4680096209049225,-2.7383217811584473,0.7994935512542725,0.4652554690837860,-2.7384104728698730,0.8225696682929993,0.4625025987625122,-2.7380414009094238,0.6772436499595642,0.4679383635520935,-2.7099652290344238,0.6522108316421509,0.4650782942771912,-2.7113480567932129,0.6320028305053711,0.4617154002189636,-2.7118334770202637,0.8557065725326538,0.4757736921310425,-2.1917719841003418,0.6121147871017456,0.4657906591892242,-2.0601062774658203,0.7773948907852173,0.6608687639236450,-2.5377635955810547,0.6828162074089050,0.6492970585823059,-2.5029623508453369,1.0615868568420410,0.8570377826690674,-1.7654752731323242,0.4807845652103424,0.8402444720268250,-1.3984144926071167,1.0874565839767456,1.4501997232437134,-2.1103131771087646,0.3148848414421082,1.4599244594573975,-2.2510256767272949,0.8289135098457336,1.2527860403060913,-2.5791110992431641,0.3719562590122223,0.9780858159065247,-3.4190802574157715,0.7639554738998413,1.2134497165679932,-2.7370200157165527,0.3327303826808929,0.8066285252571106,-3.6530463695526123,0.7666773200035095,1.1640682220458984,-2.6977629661560059,0.3667835593223572,0.7236298322677612,-3.5490603446960449,0.7682879567146301,1.1909574270248413,-2.5855286121368408,0.3947941660881042,0.7758024334907532,-3.4196171760559082,1.0139913558959961,1.9035315513610840,-0.0728996247053146,0.6071888804435730,1.9086214303970337,0.0855271294713020,0.9822367429733276,2.7550528049468994,-0.2522677779197693,0.6194640398025513,2.8080208301544189,0.0502484627068043,0.9595511555671692,3.5022921562194824,1.0245472192764282,0.5948243737220764,3.5330388545989990,1.0625424385070801,0.9771584272384644,3.5969934463500977,1.1572512388229370,0.5966588258743286,3.6342356204986572,1.1556613445281982,0.8426297903060913,3.7968342304229736,0.5733508467674255,0.5949358940124512,3.8108627796173096,0.5196745991706848
0.7168738842010498,0.5768745541572571,-2.6482348442077637,0.7695298790931702,0.4711454510688782,-2.6233191490173340,0.7999989986419678,0.4676122367382050,-2.6234679222106934,0.8229767084121704,0.4644199311733246,-2.6231126785278320,0.6756005883216858,0.4729614555835724,-2.5843238830566406,0.6511884927749634,0.4700055420398712,-2.5856120586395264,0.6302071809768677,0.4668160080909729,-2.5859403610229492,0.8543503880500793,0.4779389500617981,-2.0301637649536133,0.6097170710563660,0.4716469645500183,-1.9611117839813232,0.7749714255332947,0.6751789450645447,-2.4413487911224365,0.6823245286941528,0.6628234982490540,-2.3882286548614502,1.0074476003646851,0.8605515956878662,-1.5358480215072632,0.4551665782928467,0.8369556665420532,-1.3320609331130981,1.0835224390029907,1.4432122707366943,-1.8051679134368896,0.3152840137481689,1.4683667421340942,-2.0917782783508301,0.8437026143074036,1.2347457408905029,-2.2989768981933594,0.3922579288482666,1.0082291364669800,-3.1369709968566895,0.7885739803314209,1.1968402862548828,-2.4685168266296387,0.3351057171821594,0.8315799832344055,-3.3697822093963623,0.7920058965682983,1.1495712995529175,-2.4185802936553955,0.3740310072898865,0.7502204775810242,-3.2669017314910889,0.7901698350906372,1.1792089939117432,-2.3142869472503662,0.3951968550682068,0.8011531829833984,-3.1395037174224854,1.0111463069915771,1.9488353729248047,-0.0473429858684540,0.6074423193931580,1.9595316648483276,0.0609808489680290,0.9807416796684265,2.8021852970123291,-0.2225374281406403,0.6202243566513062,2.8451774120330811,-0.0851184278726578,0.9610527157783508,3.5714488029479980,0.9536921381950378,0.5969055294990540,3.5965428352355957,0.8667488098144531,0.9787184000015259,3.6808028221130371,1.0770590305328369,0.6001213788986206,3.7038233280181885,0.9535306692123413,0.8508187532424927,3.8442993164062500,0.5439203977584839,0.6033319830894470,3.8660931587219238,0.3524448573589325
0.7234012484550476,0.5782186388969421,-1.9774249792098999,0.7707611322402954,0.4752642810344696,-1.9125680923461914,0.8000439405441284,0.4713800251483917,-1.9116718769073486,0.8229593038558960,0.4674677550792694,-1.9106101989746094,0.6829799413681030,0.4780541658401489,-1.8961585760116577,0.6575441360473633,0.4755864441394806,-1.8970222473144531,0.6361586451530457,0.4726328253746033,-1.8967212438583374,0.8542799949645996,0.4791432023048401,-1.3724267482757568,0.6140391826629639,0.4765055775642395,-1.3072626590728760,0.7766424417495728,0.6750674843788147,-1.7695338726043701,0.6871167421340942,0.6647190451622009,-1.7524143457412720,1.0036424398422241,0.8424004912376404,-1.0310947895050049,0.4706267714500427,0.8119116425514221,-0.8082550168037415,1.0902384519577026,1.3797289133071899,-1.1553615331649780,0.3070405125617981,1.4534641504287720,-1.5559399127960205,0.9557443857192993,1.4366139173507690,-1.6136438846588135,0.3740798830986023,1.0043922662734985,-2.7145338058471680,0.9519987106323242,1.4833968877792358,-1.7162491083145142,0.3352056145668030,0.8315132260322571,-2.9557292461395264,0.9228194952011108,1.4789068698883057,-1.7513439655303955,0.3718458414077759,0.7577692866325378,-2.8535640239715576,0.9035091400146484,1.4782432317733765,-1.6529687643051147,0.3940349817276001,0.8043811917304993,-2.7270588874816895,1.0062377452850342,1.8812870979309082,-0.0397158041596413,0.5996573567390442,1.8964432477951050,0.0546487681567669,0.9777148962020874,2.7269074916839600,-0.4170372486114502,0.6180444955825806,2.7587573528289795,-0.2708687782287598,0.9736309051513672,3.5429849624633789,0.4773865640163422,0.6062437295913696,3.5307075977325439,0.4051415324211121,0.9945751428604126,3.6673009395599365,0.5740525722503662,0.6084822416305542,3.6401164531707764,0.4631584584712982,0.8816500902175903,3.8134193420410156,0.0138958571478724,0.6275848746299744,3.7942206859588623,-0.1473220586776733
0.7341699004173279,0.5792649984359741,-2.0903489589691162,0.7748786211013794,0.4753119647502899,-2.0359406471252441,0.8023303747177124,0.4713732898235321,-2.0359492301940918,0.8247135281562805,0.4672899544239044,-2.0356700420379639,0.6889797449111938,0.4785300493240356,-2.0166876316070557,0.6633965373039246,0.4762794077396393,-2.0176227092742920,0.6427210569381714,0.4735556244850159,-2.0177369117736816,0.8547711372375488,0.4775035977363586,-1.4923934936523438,0.6238797903060913,0.4779883325099945,-1.3981516361236572,0.7853609919548035,0.6729468703269958,-1.8660186529159546,0.6982885599136353,0.6647390127182007,-1.8417990207672119,0.9988530278205872,0.8270615339279175,-1.1551605463027954,0.4942266047000885,0.8445864915847778,-0.9016743898391724,1.0497050285339355,1.2861212491989136,-1.5658676624298096,0.3098943531513214,1.4244447946548462,-1.6531013250350952,0.6414173841476440,1.0239832401275635,-2.2024068832397461,0.3791331648826599,1.0026324987411499,-2.7773773670196533,0.6456964612007141,0.9585152864456177,-2.3955051898956299,0.3478491604328156,0.8349146246910095,-3.0140435695648193,0.5752027034759521,0.8773247599601746,-2.3367583751678467,0.3809143304824829,0.7833186984062195,-2.9267141819000244,0.5799305438995361,0.9056535363197327,-2.2059702873229980,0.4061636030673981,0.8254629969596863,-2.7826561927795410,1.0024558305740356,1.8818043470382690,-0.0535551905632019,0.6088064908981323,1.8987160921096802,0.0666706636548042,0.9748908281326294,2.6261258125305176,-0.4334837794303894,0.6192632317543030,2.6987962722778320,-0.1824609786272049,0.9495204091072083,3.4153034687042236,0.5331045389175415,0.6039531230926514,3.5023522377014160,0.6560677289962769,0.9608535766601562,3.5190298557281494,0.7463928461074829,0.6073117852210999,3.6200778484344482,0.7300274968147278,0.8676250576972961,3.6950390338897705,0.3446521461009979,0.6004380583763123,3.7558920383453369,0.1265912353992462
0.7398192286491394,0.5792189836502075,-2.1762542724609375,0.7806212306022644,0.4753209948539734,-2.1245112419128418,0.8078700304031372,0.4713844656944275,-2.1244571208953857,0.8294802904129028,0.4672934710979462,-2.1240754127502441,0.6908664703369141,0.4786317646503448,-2.1011593341827393,0.6649516820907593,0.4766502678394318,-2.1021623611450195,0.6442490816116333,0.4742363691329956,-2.1023335456848145,0.8587912321090698,0.4778084456920624,-1.5645399093627930,0.6246241927146912,0.4804556965827942,-1.4692833423614502,0.7917352914810181,0.6727284193038940,-1.9516996145248413,0.7011908888816833,0.6654554605484009,-1.9227602481842041,0.9945742487907410,0.8275765776634216,-1.2517511844635010,0.5026144981384277,0.8439410328865051,-0.9072511792182922,0.9794394373893738,1.3130360841751099,-1.8240957260131836,0.3076052367687225,1.4199395179748535,-1.6150672435760498,0.5703784823417664,1.0129295587539673,-2.4829783439636230,0.3750106692314148,1.0057504177093506,-2.7821335792541504,0.4792602956295013,0.8959465622901917,-2.6873764991760254,0.3442797064781189,0.8358011841773987,-3.0086998939514160,0.4743313789367676,0.8324660658836365,-2.6122350692749023,0.3835174441337585,0.7899984121322632,-2.9301097393035889,0.4922174811363220,0.8737697005271912,-2.4807934761047363,0.4060549139976501,0.8241236209869385,-2.7897698879241943,0.9968973398208618,1.8781743049621582,-0.0907836109399796,0.6093074083328247,1.8747878074645996,0.1041761785745621,0.9623732566833496,2.6487998962402344,-0.5434566140174866,0.6138111948966980,2.6790738105773926,-0.2045083045959473,0.9375491142272949,3.4303767681121826,0.6344403028488159,0.5987975001335144,3.4749901294708252,0.6794518232345581,0.9525269269943237,3.5323610305786133,0.7693169116973877,0.6034029126167297,3.5915434360504150,0.7591410279273987,0.8377216458320618,3.7099983692169189,0.2370729148387909,0.5826886296272278,3.7239220142364502,0.1460617631673813
0.7393147945404053,0.5904703140258789,-2.0761075019836426,0.7801129221916199,0.4846805334091187,-2.0241608619689941,0.8076383471488953,0.4795804619789124,-2.0242981910705566,0.8293716311454773,0.4748070836067200,-2.0241713523864746,0.6906225085258484,0.4910154342651367,-1.9918178319931030,0.6649914979934692,0.4899618923664093,-1.9928344488143921,0.6447011232376099,0.4881525933742523,-1.9931695461273193,0.8591009378433228,0.4834164679050446,-1.4826220273971558,0.6263440251350403,0.4934513270854950,-1.3362228870391846,0.7916518449783325,0.6782406568527222,-1.8515064716339111,0.7010934352874756,0.6769307851791382,-1.8113334178924561,0.9949487447738647,0.8410717844963074,-1.1832067966461182,0.5263851881027222,0.8416491746902466,-0.7763118743896484,0.9783824682235718,1.2941781282424927,-1.6252143383026123,0.3640789091587067,1.4202886819839478,-1.4731658697128296,0.6425037980079651,0.9797230362892151,-2.1240127086639404,0.3960315883159637,1.0237568616867065,-2.6580700874328613,0.5686964392662048,0.9064524769783020,-2.2963883876800537,0.3694295287132263,0.8741586208343506,-2.8913674354553223,0.4884951114654541,0.8506525158882141,-2.2570888996124268,0.3995651602745056,0.8220255374908447,-2.8149764537811279,0.5446715354919434,0.8779136538505554,-2.1280436515808105,0.4246647357940674,0.8645696640014648,-2.6669096946716309,1.0177741050720215,1.8856089115142822,-0.1026291474699974,0.6619582176208496,1.8888231515884399,0.1147291287779808,0.9849647283554077,2.6587896347045898,-0.4736119210720062,0.6605873703956604,2.6896655559539795,-0.0714054256677628,0.9647959470748901,3.4357254505157471,0.8276016116142273,0.6566719412803650,3.4788353443145752,0.8608316183090210,0.9812355041503906,3.5357892513275146,0.9689806699752808,0.6700884699821472,3.5944001674652100,0.9433250427246094,0.8618303537368774,3.7163059711456299,0.4677703976631165,0.6222501993179321,3.7265238761901855,0.3563324511051178
0.7269679903984070,0.5904496908187866,-1.7017902135848999,0.7680356502532959,0.4876879453659058,-1.6499112844467163,0.7987870573997498,0.4819250106811523,-1.6492799520492554,0.8247488141059875,0.4764029085636139,-1.6485965251922607,0.6868169903755188,0.4975878894329071,-1.6221015453338623,0.6642588376998901,0.4975934922695160,-1.6228879690170288,0.6445491313934326,0.4970830976963043,-1.6231629848480225,0.8589266538619995,0.4856593310832977,-1.1870615482330322,0.6263187527656555,0.5045258402824402,-1.0524384975433350,0.7856823205947876,0.6761628985404968,-1.5153969526290894,0.6993728876113892,0.6769595742225647,-1.4787518978118896,0.9968993067741394,0.8416722416877747,-0.9299908876419067,0.5526797771453857,0.8486441373825073,-0.5859745740890503,1.0133416652679443,1.2983366250991821,-1.1094928979873657,0.4339886605739594,1.4270745515823364,-1.1261545419692993,0.7997152805328369,1.0176894664764404,-1.4078578948974609,0.4228940904140472,1.0548428297042847,-2.1256775856018066,0.7501748204231262,0.9536032080650330,-1.5123546123504639,0.3721708953380585,0.9037128090858459,-2.3353624343872070,0.7611016631126404,0.9214495420455933,-1.5206915140151978,0.4104880392551422,0.8379789590835571,-2.2653224468231201,0.7629456520080566,0.9637222886085510,-1.4323316812515259,0.4290434420108795,0.8693311214447021,-2.1450622081756592,1.0304609537124634,1.8502811193466187,-0.0868651270866394,0.6784237623214722,1.8619706630706787,0.0994106158614159,1.0002536773681641,2.6607596874237061,-0.4533817768096924,0.6902295351028442,2.6672279834747314,-0.0755078494548798,1.0004729032516479,3.4156908988952637,0.5634348392486572,0.7026008963584900,3.4355561733245850,0.4810225367546082,1.0199934244155884,3.5103809833526611,0.6692932844161987,0.7102681398391724,3.5451519489288330,0.5333461761474609,0.9143908619880676,3.6794252395629883,0.2123682200908661,0.6958308815956116,3.6692912578582764,0.0430982038378716
0.7248338460922241,0.5876979827880859,-1.9233543872833252,0.7668372392654419,0.4842764139175415,-1.9096752405166626,0.7984093427658081,0.4784002602100372,-1.9102836847305298,0.8244978785514832,0.4732379019260406,-1.9104477167129517,0.6852918863296509,0.4953894317150116,-1.8698003292083740,0.6635394692420959,0.4956490695476532,-1.8708484172821045,0.6442874670028687,0.4951718151569366,-1.8714975118637085,0.8585492372512817,0.4828671813011169,-1.4881927967071533,0.6252599954605103,0.5013358592987061,-1.3320138454437256,0.7854992151260376,0.6741284132003784,-1.7574532032012939,0.6990741491317749,0.6739323735237122,-1.7091544866561890,0.9994209408760071,0.8418108224868774,-1.2396497726440430,0.5523008108139038,0.8546339273452759,-0.8096328973770142,1.0137839317321777,1.2908501625061035,-1.6021846532821655,0.4265952110290527,1.4122490882873535,-1.4126585721969604,0.7946346402168274,1.0096945762634277,-1.9808145761489868,0.4364939332008362,1.0487179756164551,-2.3465380668640137,0.7199071645736694,0.9479348659515381,-2.1263241767883301,0.3908069133758545,0.8980399966239929,-2.6177744865417480,0.6406342983245850,0.8481416702270508,-2.0889673233032227,0.4176653325557709,0.8350709080696106,-2.5281319618225098,0.6358268857002258,0.9129628539085388,-1.9878591299057007,0.4434994161128998,0.8664938807487488,-2.3639140129089355,1.0329866409301758,1.8354203701019287,-0.0903309732675552,0.6819012761116028,1.8419749736785889,0.1025085821747780,0.9989823102951050,2.6437308788299561,-0.4369985461235046,0.6840569376945496,2.6177957057952881,-0.1141914874315262,0.9893549680709839,3.3752906322479248,0.6270586848258972,0.6904480457305908,3.3606591224670410,0.5915544033050537,1.0073454380035400,3.4655523300170898,0.7415107488632202,0.6977092027664185,3.4676258563995361,0.6539018750190735,0.8908876180648804,3.6492760181427002,0.2564716041088104,0.6891993284225464,3.6029694080352783,0.0520184561610222
0.7204030752182007,0.5876751542091370,-1.9110233783721924,0.7647222876548767,0.4849749505519867,-1.8723447322845459,0.7960425615310669,0.4795164465904236,-1.8722270727157593,0.8226391077041626,0.4751727879047394,-1.8717467784881592,0.6847721934318542,0.4955621957778931,-1.8421455621719360,0.6634543538093567,0.4956583380699158,-1.8429673910140991,0.6442675590515137,0.4950266182422638,-1.8432098627090454,0.8579861521720886,0.4856070280075073,-1.4478243589401245,0.6248184442520142,0.5007848143577576,-1.3144581317901611,0.7803115844726562,0.6747266054153442,-1.7399101257324219,0.6946215033531189,0.6738851666450500,-1.7030427455902100,0.9991241693496704,0.8459632992744446,-1.1866464614868164,0.5288883447647095,0.8367311358451843,-0.8272663354873657,1.0449274778366089,1.4250255823135376,-1.2544766664505005,0.4181783795356750,1.4119635820388794,-1.3757297992706299,0.9331566095352173,1.4705780744552612,-1.5477730035781860,0.4354388117790222,1.0811222791671753,-2.2929017543792725,0.9233173131942749,1.4981111288070679,-1.6422983407974243,0.4085207581520081,1.0523465871810913,-2.4860422611236572,0.9063655734062195,1.4778758287429810,-1.6839872598648071,0.4232378602027893,0.9045640230178833,-2.4319994449615479,0.8882228136062622,1.4732134342193604,-1.5833610296249390,0.4425188899040222,0.9263347983360291,-2.3136138916015625,1.0313152074813843,1.8237762451171875,-0.0770511403679848,0.6760296225547791,1.8329675197601318,0.0887291505932808,1.0035313367843628,2.6005971431732178,-0.2861024141311646,0.6854492425918579,2.6285326480865479,-0.0566043257713318,1.0069948434829712,3.2550833225250244,0.6032638549804688,0.6918629407882690,3.3057696819305420,0.5644484162330627,1.0258023738861084,3.3422691822052002,0.6993982195854187,0.6994136571884155,3.3999583721160889,0.6210610866546631,0.9189478158950806,3.5092363357543945,0.2369439899921417,0.6892226934432983,3.5431976318359375,0.1092129722237587
0.7204655408859253,0.5579139590263367,-2.3211576938629150,0.7649095058441162,0.4628959298133850,-2.2812082767486572,0.7962248921394348,0.4574937820434570,-2.2813341617584229,0.8226149678230286,0.4524896442890167,-2.2810330390930176,0.6848568320274353,0.4715135395526886,-2.2564091682434082,0.6637545824050903,0.4717528522014618,-2.2574508190155029,0.6448705792427063,0.4712104499340057,-2.2578396797180176,0.8582524061203003,0.4644384384155273,-1.7816886901855469,0.6276811361312866,0.4777584969997406,-1.6718914508819580,0.7804858088493347,0.6477767825126648,-2.1120257377624512,0.6949269771575928,0.6413449645042419,-2.0828442573547363,0.9964033365249634,0.8226191997528076,-1.4071377515792847,0.5247678756713867,0.8294162750244141,-1.0880546569824219,1.0163767337799072,1.3811092376708984,-1.5596163272857666,0.3673834204673767,1.3973659276962280,-1.7467966079711914,0.9220564961433411,1.3735007047653198,-1.8663861751556396,0.4394839704036713,1.0409387350082397,-2.8018138408660889,0.9010716676712036,1.4057536125183105,-1.9758625030517578,0.4151902794837952,0.8993555903434753,-3.0171802043914795,0.8190039396286011,1.3922028541564941,-2.0100312232971191,0.4436419010162354,0.8443048000335693,-2.9304864406585693,0.8140567541122437,1.4386519193649292,-1.8959958553314209,0.4583223462104797,0.8620297908782959,-2.8051795959472656,1.0061067342758179,1.7686332464218140,-0.0774884968996048,0.6429772973060608,1.7643610239028931,0.0892712101340294,0.9464184641838074,2.5608942508697510,-0.3856442868709564,0.6230591535568237,2.5341212749481201,-0.1425577849149704,0.9162187576293945,3.2772471904754639,0.6239864826202393,0.6088996529579163,3.2471842765808105,0.6206577420234680,0.9301632642745972,3.3699972629547119,0.7294644713401794,0.6130684614181519,3.3462026119232178,0.6954905986785889,0.8137416839599609,3.5375657081604004,0.2213245630264282,0.6004700064659119,3.4880714416503906,0.1293650865554810
0.7222769260406494,0.4869670271873474,-3.1087501049041748,0.7696654796600342,0.3828714489936829,-3.0507051944732666,0.8002169728279114,0.3754281401634216,-3.0507409572601318,0.8250949978828430,0.3687813580036163,-3.0505871772766113,0.6864298582077026,0.3957067430019379,-3.0611035823822021,0.6647881269454956,0.3961295187473297,-3.0623419284820557,0.6456946730613708,0.3952917158603668,-3.0624668598175049,0.8594225049018860,0.3795589804649353,-2.4114136695861816,0.6275866031646729,0.3958719670772552,-2.4565436840057373,0.7833454012870789,0.5770483613014221,-2.8408203125000000,0.6942991018295288,0.5700740814208984,-2.8567671775817871,1.0269869565963745,0.7611290812492371,-1.7739589214324951,0.4475112855434418,0.7608973979949951,-1.8194748163223267,1.1107418537139893,1.3241425752639771,-1.6212341785430908,0.2718864381313324,1.3836505413055420,-2.5924401283264160,1.0244321823120117,1.4641717672348022,-1.8904813528060913,0.4197575449943542,1.0130155086517334,-3.6123280525207520,1.0234775543212891,1.5297776460647583,-1.9816029071807861,0.4138205945491791,0.8920472264289856,-3.8326582908630371,0.9935340881347656,1.5137729644775391,-2.0451617240905762,0.4416368901729584,0.7921444773674011,-3.7466120719909668,0.9712789654731750,1.5073237419128418,-1.9295794963836670,0.4572799801826477,0.8260707855224609,-3.6106109619140625,0.9653114080429077,1.6803250312805176,-0.0180205423384905,0.5644684433937073,1.6979985237121582,0.0300795976072550,0.9502298235893250,2.5002064704895020,-0.2587886750698090,0.6040277481079102,2.5300970077514648,0.0864455252885818,0.9190063476562500,3.2065458297729492,1.1511758565902710,0.6095513701438904,3.2125966548919678,1.2114582061767578,0.9373539090156555,3.2985625267028809,1.2969847917556763,0.6136013269424438,3.2996804714202881,1.3135361671447754,0.8574296236038208,3.4850418567657471,0.7305691242218018,0.6128513216972351,3.4794077873229980,0.6650508642196655
0.7363383769989014,0.3472028374671936,-3.2851581573486328,0.7924584746360779,0.2492076009511948,-3.2290523052215576,0.8207057714462280,0.2494382858276367,-3.2299942970275879,0.8475791215896606,0.2498757839202881,-3.2294192314147949,0.7081159353256226,0.2446788400411606,-3.2153754234313965,0.6809538602828979,0.2426973730325699,-3.2167141437530518,0.6564649939537048,0.2410335689783096,-3.2173914909362793,0.9039618372917175,0.2794185280799866,-2.5823397636413574,0.6299642920494080,0.2576455771923065,-2.5122306346893311,0.7893735766410828,0.4477501213550568,-3.0119793415069580,0.6943263411521912,0.4363663494586945,-2.9957971572875977,1.0616509914398193,0.6946818828582764,-2.0038390159606934,0.4591472148895264,0.6503492593765259,-1.8718471527099609,1.0941363573074341,1.2875723838806152,-2.5086703300476074,0.2862069606781006,1.3271107673645020,-2.7119088172912598,0.7042564749717712,1.0029163360595703,-3.2920107841491699,0.4562166631221771,0.9357991814613342,-3.8946018218994141,0.6396309137344360,0.8952368497848511,-3.5155730247497559,0.4659723639488220,0.7998419404029846,-4.1439871788024902,0.6452063918113708,0.7975727915763855,-3.4475140571594238,0.4868960380554199,0.7075940966606140,-4.0589303970336914,0.7208768129348755,0.8586632609367371,-3.2953033447265625,0.4974668025970459,0.7533157467842102,-3.8910269737243652,0.9657648205757141,1.6188921928405762,-0.0266899708658457,0.5558408498764038,1.5981867313385010,0.0384321622550488,0.9519740939140320,2.4104044437408447,-0.3913561105728149,0.5632265210151672,2.4376573562622070,-0.2169800251722336,0.9251967668533325,3.0436582565307617,1.3420635461807251,0.5451107025146484,3.1430156230926514,1.0616838932037354,0.9399587512016296,3.1304380893707275,1.5216338634490967,0.5477660298347473,3.2427716255187988,1.1746464967727661,0.8420389890670776,3.2912557125091553,0.9650160670280457,0.5458610057830811,3.3980171680450439,0.4903660416603088
0.7551738619804382,0.2402825653553009,-3.4999060630798340,0.8191881179809570,0.1229496374726295,-3.4611454010009766,0.8500096201896667,0.1171127408742905,-3.4621129035949707,0.8773456811904907,0.1107758060097694,-3.4620964527130127,0.7235953211784363,0.1352884918451309,-3.4277338981628418,0.6941407322883606,0.1371682137250900,-3.4291908740997314,0.6697647571563721,0.1377404630184174,-3.4298419952392578,0.9356905817985535,0.1294338554143906,-2.8404486179351807,0.6430780291557312,0.1550752222537994,-2.6832911968231201,0.8180246353149414,0.3301431834697723,-3.2282614707946777,0.7158734202384949,0.3319255411624908,-3.1867327690124512,1.1277592182159424,0.5669685602188110,-2.2536282539367676,0.4819683134555817,0.5496349930763245,-1.9237194061279297,1.0864708423614502,1.1709141731262207,-2.6297659873962402,0.3000365495681763,1.2075231075286865,-2.6818335056304932,0.6931108832359314,0.8948107957839966,-3.2438812255859375,0.4600142538547516,0.8446165919303894,-3.8593840599060059,0.6448731422424316,0.8192845582962036,-3.4512710571289062,0.5001140832901001,0.7569291591644287,-4.1032309532165527,0.6511319875717163,0.6771770119667053,-3.4090480804443359,0.5192843079566956,0.6280950307846069,-4.0385198593139648,0.7086614370346069,0.7389804720878601,-3.2467055320739746,0.5424293875694275,0.7143033742904663,-3.8623836040496826,0.9759693145751953,1.5379899740219116,-0.0946421921253204,0.5617337226867676,1.5118753910064697,0.1065485700964928,0.9515727758407593,2.3105440139770508,-0.4955590367317200,0.5618335604667664,2.3193194866180420,-0.2246349155902863,0.9143117666244507,2.9600510597229004,1.3085197210311890,0.5330454111099243,3.0450296401977539,1.1721738576889038,0.9258063435554504,3.0504298210144043,1.4888973236083984,0.5411784052848816,3.1523256301879883,1.2948614358901978,0.8007260560989380,3.2177319526672363,0.8925495147705078,0.5077136158943176,3.3094258308410645,0.5814841389656067
0.6985300183296204,0.2795860469341278,-3.1863918304443359,0.7597167491912842,0.1990036964416504,-3.1347594261169434,0.7908997535705566,0.1946458518505096,-3.1357107162475586,0.8227208852767944,0.1883077770471573,-3.1356332302093506,0.6710266470909119,0.1987503618001938,-3.1405801773071289,0.6377376317977905,0.1950498968362808,-3.1416647434234619,0.6039754152297974,0.1904232352972031,-3.1419396400451660,0.8541334867477417,0.2043762654066086,-2.4925096035003662,0.5489913225173950,0.2006296217441559,-2.5127243995666504,0.7244498729705811,0.3998757898807526,-2.9079403877258301,0.6517851352691650,0.3523645102977753,-2.9189250469207764,0.9739273190498352,0.6204721331596375,-2.2110600471496582,0.3452982008457184,0.5522887110710144,-1.8943265676498413,1.0530093908309937,1.2023549079895020,-2.2968647480010986,0.2590779662132263,1.1130776405334473,-2.5591518878936768,0.7178112268447876,0.8235715031623840,-3.1317770481109619,0.4578835368156433,0.7678698897361755,-3.5871906280517578,0.6782365441322327,0.7659111022949219,-3.3665795326232910,0.4906575083732605,0.6825895309448242,-3.8652713298797607,0.6606025695800781,0.6197099685668945,-3.2810161113739014,0.5083080530166626,0.5952612161636353,-3.7667477130889893,0.6726044416427612,0.6744710803031921,-3.1333365440368652,0.5291033983230591,0.6459209918975830,-3.6006464958190918,0.8232986330986023,1.5578777790069580,-0.0169640295207500,0.4240704476833344,1.5686528682708740,0.0300567001104355,0.8093026280403137,2.3258023262023926,-0.4211995601654053,0.4557068943977356,2.3480832576751709,0.0894052162766457,0.7850587368011475,3.1739246845245361,1.0495651960372925,0.4502082765102386,3.0843958854675293,1.3228749036788940,0.7887378334999084,3.2986319065093994,1.1936403512954712,0.4561620354652405,3.1746513843536377,1.4378815889358521,0.7078883647918701,3.4335660934448242,0.6084971427917480,0.4503630697727203,3.3434104919433594,0.8080271482467651
0.6706585884094238,0.4662940204143524,-1.4781653881072998,0.7115741968154907,0.3996113240718842,-1.3974798917770386,0.7382017970085144,0.4029688239097595,-1.3969693183898926,0.7610158324241638,0.4048547446727753,-1.3959987163543701,0.6422137618064880,0.3798236548900604,-1.4545739889144897,0.6181411147117615,0.3709174394607544,-1.4553215503692627,0.5930390357971191,0.3625441789627075,-1.4556285142898560,0.7750905752182007,0.4276739954948425,-0.8421886563301086,0.5396103858947754,0.3893321752548218,-1.0952618122100830,0.6972662210464478,0.5841534137725830,-1.2568045854568481,0.6195886135101318,0.5480722188949585,-1.3337122201919556,0.8602308034896851,0.7906433343887329,-0.4633124470710754,0.3115646243095398,0.7493946552276611,-0.8573808670043945,0.8937126398086548,1.1771521568298340,-0.4390729963779449,0.2196056842803955,1.2726821899414062,-0.8151685595512390,0.7270804047584534,0.8660550713539124,-0.8761707544326782,0.2315649241209030,1.7230006456375122,-1.0200325250625610,0.7508332133293152,0.7974422574043274,-1.0043997764587402,0.1894172877073288,1.8657225370407104,-1.1430480480194092,0.7442954182624817,0.7294824719429016,-1.0258487462997437,0.2486939877271652,1.8843396902084351,-1.2211353778839111,0.7334114313125610,0.7443979382514954,-0.9238454103469849,0.2796910703182220,1.8385970592498779,-1.0752898454666138,0.7254608869552612,1.8543072938919067,0.1462357640266418,0.3584924340248108,1.8243974447250366,-0.1325501948595047,0.7229857444763184,2.6969170570373535,-0.0146897044032812,0.3838088214397430,2.7051663398742676,-0.1616350412368774,0.7203943729400635,3.4426529407501221,0.8959139585494995,0.3886270821094513,3.4603641033172607,0.3875955343246460,0.7167946100234985,3.5628993511199951,0.9935259819030762,0.3807892799377441,3.5779294967651367,0.4383076727390289,0.7022542953491211,3.6782400608062744,0.5728266835212708,0.4469805359840393,3.7077209949493408,-0.0778930932283401
0.6760993599891663,0.4841894805431366,-1.8252894878387451,0.7201706171035767,0.4285623431205750,-1.7417217493057251,0.7442950606346130,0.4350692629814148,-1.7415726184844971,0.7702971696853638,0.4340940415859222,-1.7410799264907837,0.6467006206512451,0.4061568677425385,-1.7768083810806274,0.6203768253326416,0.4001126289367676,-1.7776451110839844,0.5978590250015259,0.3935695886611938,-1.7780008316040039,0.7846773862838745,0.4835753738880157,-1.1449819803237915,0.5480946302413940,0.4242164790630341,-1.3064420223236084,0.7070922851562500,0.5907097458839417,-1.5873079299926758,0.6281796097755432,0.5678542256355286,-1.6379585266113281,0.8672591447830200,0.8106371760368347,-0.7830120325088501,0.3404571115970612,0.7691237330436707,-0.9386237263679504,0.9111977815628052,0.9816831350326538,-0.8370712995529175,0.2144235074520111,1.2519018650054932,-1.1489480733871460,0.8431993722915649,0.6226787567138672,-1.1830966472625732,0.2890767753124237,1.3795225620269775,-1.5995410680770874,0.8474007844924927,0.5359350442886353,-1.3270562887191772,0.2764408886432648,1.4135844707489014,-1.7496360540390015,0.8535294532775879,0.5145784020423889,-1.3338841199874878,0.3177703320980072,1.3730913400650024,-1.7665115594863892,0.8353311419487000,0.5638009309768677,-1.2252404689788818,0.3391075730323792,1.3730322122573853,-1.6374200582504272,0.7512949705123901,1.8590471744537354,0.0949534028768539,0.3768559098243713,1.8219721317291260,-0.0814285203814507,0.7189078330993652,2.6816141605377197,-0.1497619748115540,0.3803407549858093,2.6534473896026611,-0.2423841208219528,0.6857208609580994,3.3984911441802979,0.8756046295166016,0.3572070002555847,3.4003994464874268,0.4295686781406403,0.6827659010887146,3.5041468143463135,0.9944390058517456,0.3470282852649689,3.5089049339294434,0.4947649538516998,0.6452837586402893,3.6369760036468506,0.5788443088531494,0.3957038223743439,3.6510498523712158,-0.0547442659735680
0.7294905781745911,0.2394963055849075,-2.3481497764587402,0.8045420646667480,0.1060954257845879,-2.3061580657958984,0.8361422419548035,0.1601446270942688,-2.3060872554779053,0.8657759428024292,0.1633969098329544,-2.3055911064147949,0.7261778712272644,0.1158449426293373,-2.2857339382171631,0.7121134996414185,0.1174665316939354,-2.2870497703552246,0.6784767508506775,0.1174629032611847,-2.2870974540710449,0.8805541992187500,0.1684996932744980,-1.7871259450912476,0.6300102472305298,0.1549621224403381,-1.6851327419281006,0.7939401865005493,0.3546788990497589,-2.1298508644104004,0.6775907278060913,0.3206880688667297,-2.1046509742736816,0.9941564798355103,0.6057338714599609,-1.4133187532424927,0.4355285763740540,0.5352121591567993,-0.9692436456680298,1.0116899013519287,1.1281352043151855,-1.9109115600585938,0.2466369867324829,1.2118521928787231,-1.9757591485977173,0.7469942569732666,0.7751713395118713,-2.6408417224884033,0.4800736308097839,0.8076661229133606,-3.0170552730560303,0.7251640558242798,0.5449914932250977,-2.8426635265350342,0.5373190641403198,0.6409088373184204,-3.2414581775665283,0.7367762923240662,0.5974463820457458,-2.7356138229370117,0.5737631320953369,0.5657922625541687,-3.1163043975830078,0.7336717844009399,0.6432380676269531,-2.6278867721557617,0.5896022319793701,0.6285877227783203,-3.0020213127136230,0.8381301760673523,1.6088118553161621,-0.0514404289424419,0.4491370618343353,1.5546820163726807,0.0641373097896576,0.7281342148780823,2.4692814350128174,-0.1916740834712982,0.4014724791049957,2.4264931678771973,-0.2265153378248215,0.7172814607620239,3.1727983951568604,0.8751755952835083,0.3768099546432495,3.1728625297546387,0.4787693917751312,0.7185325622558594,3.2736573219299316,0.9953553080558777,0.3740082085132599,3.2867407798767090,0.5354927778244019,0.6131542921066284,3.4216988086700439,0.5144666433334351,0.3635051846504211,3.4267387390136719,-0.0164367016404867
0.6811865568161011,0.3660844266414642,-1.9240252971649170,0.7210361361503601,0.2644196450710297,-1.8428443670272827,0.7450770139694214,0.2737173438072205,-1.8423595428466797,0.7690590620040894,0.2814854979515076,-1.8408988714218140,0.6495535373687744,0.2427500188350677,-1.8717063665390015,0.6240774989128113,0.2339822500944138,-1.8720556497573853,0.5947070121765137,0.2250653207302094,-1.8718054294586182,0.7742852568626404,0.3054791390895844,-1.2719331979751587,0.5342152714729309,0.2363442480564117,-1.4033391475677490,0.7062745690345764,0.4591291546821594,-1.7024583816528320,0.6426623463630676,0.3890976309776306,-1.7446994781494141,0.8766249418258667,0.7043926119804382,-0.9365866780281067,0.3188203275203705,0.6554519534111023,-1.0419297218322754,0.9908078908920288,1.2058722972869873,-1.6768716573715210,0.1833783686161041,1.2623158693313599,-1.8142957687377930,0.7401224374771118,0.8643636703491211,-2.5703847408294678,0.3009231686592102,1.1170006990432739,-2.7489333152770996,0.7248429059982300,0.7449545264244080,-2.8154277801513672,0.2997114360332489,1.0933049917221069,-2.9815311431884766,0.7092487812042236,0.6718122363090515,-2.7047314643859863,0.3361582159996033,1.0351449251174927,-2.9290375709533691,0.7093293070793152,0.7272302508354187,-2.5796422958374023,0.3605757951736450,1.0621947050094604,-2.7699942588806152,0.7230197191238403,1.6964634656906128,0.0445881858468056,0.3313048481941223,1.6140401363372803,-0.0298232045024633,0.6948280334472656,2.5286803245544434,-0.2854819893836975,0.3413333296775818,2.4772937297821045,-0.2824186682701111,0.6903128027915955,3.2675576210021973,0.6974356174468994,0.3357749879360199,3.1844859123229980,0.3925813436508179,0.6894866228103638,3.3932218551635742,0.8086650967597961,0.3253591954708099,3.3037416934967041,0.4574025571346283,0.6305696964263916,3.4794080257415771,0.3277445435523987,0.3772415220737457,3.4404141902923584,-0.0910187587141991
0.6920956969261169,0.2237868607044220,-1.8243331909179688,0.7404451370239258,0.1263453513383865,-1.7845109701156616,0.7726890444755554,0.1237905248999596,-1.7846119403839111,0.8034616708755493,0.1194604486227036,-1.7839183807373047,0.6666213870048523,0.1271590739488602,-1.7500708103179932,0.6445999145507812,0.1250578761100769,-1.7508491277694702,0.6201337575912476,0.1217983141541481,-1.7513046264648438,0.8568590879440308,0.1315614581108093,-1.3358418941497803,0.5798398256301880,0.1331008225679398,-1.1752214431762695,0.7359990477561951,0.3163150548934937,-1.6392490863800049,0.6600608825683594,0.3005583882331848,-1.5952011346817017,1.0085244178771973,0.5038181543350220,-1.0314487218856812,0.4521405696868896,0.5466860532760620,-0.7040542364120483,1.0784885883331299,1.1460907459259033,-1.4632298946380615,0.4383822083473206,1.2320824861526489,-1.2106528282165527,0.7425165772438049,0.9025452733039856,-1.9830310344696045,0.4978728294372559,0.9727757573127747,-2.1185388565063477,0.7066806554794312,0.7975713610649109,-2.1177740097045898,0.5103092193603516,0.9693421721458435,-2.2887425422668457,0.7051823139190674,0.7012581229209900,-2.0469460487365723,0.5130985379219055,0.7999086976051331,-2.2382884025573730,0.7088874578475952,0.7279313206672668,-1.9732544422149658,0.5319362878799438,0.9256435632705688,-2.1314053535461426,0.9123102426528931,1.5263808965682983,-0.0762260705232620,0.5179938077926636,1.4831935167312622,0.0889850407838821,0.8357822299003601,2.3412530422210693,-0.4073209762573242,0.4770658910274506,2.3195288181304932,-0.0816989690065384,0.8028996586799622,3.0128061771392822,0.6054638624191284,0.4507009983062744,3.0177626609802246,0.4369024336338043,0.8144545555114746,3.0978531837463379,0.7164382934570312,0.4480707049369812,3.1061577796936035,0.5467323660850525,0.7013164758682251,3.2690629959106445,0.2330647259950638,0.4491008818149567,3.2895586490631104,0.0792219787836075
0.7061758041381836,0.2228823006153107,-2.3348963260650635,0.7578216195106506,0.1224725544452667,-2.2450184822082520,0.7992615103721619,0.1160016357898712,-2.2450695037841797,0.8300096392631531,0.1079413816332817,-2.2444205284118652,0.6679561138153076,0.1278185099363327,-2.2535405158996582,0.6449977159500122,0.1259453594684601,-2.2544569969177246,0.6209442615509033,0.1234692707657814,-2.2546412944793701,0.8728109598159790,0.1207260414958000,-1.5968964099884033,0.5797667503356934,0.1370234191417694,-1.6175663471221924,0.7678773999214172,0.3135087192058563,-2.0767009258270264,0.6674197912216187,0.3004516065120697,-2.0863819122314453,0.9980659484863281,0.4759617149829865,-1.1216924190521240,0.4461464881896973,0.5601302385330200,-1.1600883007049561,1.0894786119461060,0.9227843880653381,-1.4204014539718628,0.3819123208522797,1.1885321140289307,-1.6828889846801758,0.8678733706474304,0.6548125147819519,-2.0650684833526611,0.5123770236968994,0.9247865676879883,-2.5917387008666992,0.8199526667594910,0.5933488011360168,-2.2332024574279785,0.5608603954315186,0.9105507731437683,-2.8029789924621582,0.8141528367996216,0.5295027494430542,-2.1606159210205078,0.5640667080879211,0.7964230179786682,-2.7592682838439941,0.8097176551818848,0.5673214793205261,-2.0732073783874512,0.5619089007377625,0.8107570409774780,-2.6020956039428711,0.9094185829162598,1.4774394035339355,-0.0485101640224457,0.5228748321533203,1.4668979644775391,0.0604056939482689,0.8962715268135071,2.2146992683410645,-0.5166012048721313,0.5361193418502808,2.2477831840515137,-0.2314091622829437,0.8736664652824402,2.8752703666687012,0.6456826925277710,0.5325956344604492,2.9732239246368408,0.4555709958076477,0.8766825795173645,2.9636733531951904,0.8226669430732727,0.5401040315628052,3.0801949501037598,0.5250374674797058,0.8101755976676941,3.1231324672698975,0.4080634117126465,0.5400194525718689,3.2177712917327881,-0.0432485006749630
0.7269281148910522,0.2108495831489563,-2.8075594902038574,0.7851215600967407,0.1111665219068527,-2.7217521667480469,0.8196508288383484,0.1110548973083496,-2.7221391201019287,0.8510450124740601,0.1093696504831314,-2.7222685813903809,0.6939586400985718,0.1088891178369522,-2.7459576129913330,0.6605840921401978,0.1072476208209991,-2.7469387054443359,0.6289360523223877,0.1046054214239120,-2.7472851276397705,0.9062938690185547,0.1266306936740875,-2.0188279151916504,0.5835597515106201,0.1191233396530151,-2.1348316669464111,0.7803090214729309,0.3102520704269409,-2.5182578563690186,0.6714495420455933,0.2897219955921173,-2.5550122261047363,0.9951583743095398,0.4936230778694153,-1.4259709119796753,0.4261733889579773,0.5243455171585083,-1.5933225154876709,1.0779565572738647,0.9749501347541809,-1.4241539239883423,0.2639774978160858,0.9668446183204651,-1.8270275592803955,0.8793882131576538,0.7043249607086182,-1.9021892547607422,0.5134354829788208,0.9270022511482239,-2.4777884483337402,0.8311535120010376,0.6452940702438354,-2.0738406181335449,0.5620144605636597,1.0166037082672119,-2.6753048896789551,0.8053954839706421,0.5750963091850281,-2.0813047885894775,0.6088699698448181,0.8192380666732788,-2.6663355827331543,0.8071271777153015,0.5990895032882690,-1.9316323995590210,0.6036149263381958,0.8241308927536011,-2.4877095222473145,0.9065394401550293,1.4640500545501709,0.0459095463156700,0.5238826870918274,1.4585438966751099,-0.0350945144891739,0.8957368135452271,2.1372482776641846,-0.0473431572318077,0.5385698080062866,2.2154142856597900,-0.1994756162166595,0.8501372337341309,2.7435412406921387,1.2942080497741699,0.5109139680862427,2.8699896335601807,0.7248337268829346,0.8614761233329773,2.8276708126068115,1.4446744918823242,0.5118122100830078,2.9636738300323486,0.8119217753410339,0.8018703460693359,2.9996135234832764,1.0573048591613770,0.5329742431640625,3.1311171054840088,0.2340900599956512
0.7434459924697876,0.2205316573381424,-2.5364003181457520,0.8004741668701172,0.1282451301813126,-2.4461884498596191,0.8308619260787964,0.1180049404501915,-2.4462101459503174,0.8587583303451538,0.1131222695112228,-2.4458820819854736,0.7031362652778625,0.1340711414813995,-2.4676625728607178,0.6665164828300476,0.1301103085279465,-2.4685716629028320,0.6338229775428772,0.1237469241023064,-2.4687514305114746,0.9034237861633301,0.1377095431089401,-1.8925683498382568,0.5892480611801147,0.1317813992500305,-1.8719871044158936,0.7939260005950928,0.3159984350204468,-2.2637612819671631,0.6834306716918945,0.3147437870502472,-2.2971422672271729,0.9715530276298523,0.5101230740547180,-1.1674735546112061,0.4227196276187897,0.5481646060943604,-1.3724750280380249,0.9635311961174011,0.9171509146690369,-0.7642918229103088,0.2619007229804993,1.0111136436462402,-1.6193510293960571,0.8700940012931824,0.7254704833030701,-0.8627074360847473,0.5015439987182617,0.9568424224853516,-2.2832181453704834,0.8199490308761597,0.6509253382682800,-0.9549924135208130,0.5539377927780151,1.0922337770462036,-2.4753367900848389,0.8052716255187988,0.5790113210678101,-0.9965511560440063,0.6015673875808716,0.8628013134002686,-2.4440097808837891,0.8019158244132996,0.6093280911445618,-0.8942414522171021,0.5951467156410217,0.9596734642982483,-2.2961153984069824,0.9010508656501770,1.4928097724914551,0.0668631345033646,0.5195151567459106,1.5147808790206909,-0.0550387278199196,0.8861953616142273,2.2152161598205566,-0.0504938177764416,0.5372723937034607,2.2856876850128174,-0.0453640446066856,0.8427689671516418,2.8026728630065918,1.1790893077850342,0.5155023932456970,2.9080755710601807,0.7458258867263794,0.8475822210311890,2.9101402759552002,1.3208253383636475,0.5161498785018921,3.0025062561035156,0.8226692080497742,0.8024489283561707,3.0976896286010742,0.9624336957931519,0.5460850596427917,3.1652421951293945,0.3032284975051880
0.7418321371078491,0.2276725322008133,-3.2038657665252686,0.7988232374191284,0.1289371401071548,-3.1237819194793701,0.8297604322433472,0.1244373694062233,-3.1245770454406738,0.8578286170959473,0.1219537481665611,-3.1248509883880615,0.7027513980865479,0.1299945265054703,-3.1521840095520020,0.6652337312698364,0.1239451840519905,-3.1533436775207520,0.6313010454177856,0.1184678077697754,-3.1538548469543457,0.9018942117691040,0.1458137482404709,-2.4036440849304199,0.5857136249542236,0.1321105211973190,-2.5291771888732910,0.7916335463523865,0.3251472413539886,-2.9015932083129883,0.6817691326141357,0.3122559785842896,-2.9427490234375000,0.9916614294052124,0.5385759472846985,-1.7324374914169312,0.3764112591743469,0.5523707270622253,-1.9640127420425415,0.9771069288253784,1.1020910739898682,-1.7428681850433350,0.2625511586666107,1.2035653591156006,-2.5004873275756836,0.8609447479248047,0.8690468072891235,-2.1109747886657715,0.5374999046325684,0.9862663745880127,-3.2214884757995605,0.8140856027603149,0.7890829443931580,-2.2634596824645996,0.5925015211105347,1.0770652294158936,-3.4329686164855957,0.7835351228713989,0.7360916733741760,-2.2719583511352539,0.6094001531600952,0.8614577054977417,-3.3723194599151611,0.7872782945632935,0.7649700045585632,-2.1336760520935059,0.6043272614479065,0.8917983770370483,-3.2144703865051270,0.8774667978286743,1.5074768066406250,0.0661347135901451,0.5020428299903870,1.5172458887100220,-0.0552124977111816,0.8630134463310242,2.1502823829650879,-0.1100048422813416,0.5117623805999756,2.2671730518341064,-0.1212085261940956,0.7853172421455383,2.7894623279571533,1.4785890579223633,0.4504544734954834,2.9302136898040771,1.0263700485229492,0.7719608545303345,2.8803696632385254,1.6478363275527954,0.4411126673221588,3.0288200378417969,1.1345978975296021,0.7569274902343750,3.0711703300476074,1.1962481737136841,0.4806250929832458,3.1922218799591064,0.4871304035186768
0.7357770204544067,0.2306349575519562,-2.9566767215728760,0.7960470914840698,0.1328401863574982,-2.8629925251007080,0.8247763514518738,0.1298493891954422,-2.8630185127258301,0.8512231707572937,0.1275996863842010,-2.8625595569610596,0.7011049985885620,0.1311579197645187,-2.8916952610015869,0.6637204885482788,0.1274830698966980,-2.8929593563079834,0.6293359994888306,0.1236352100968361,-2.8934485912322998,0.8977370262145996,0.1481137573719025,-2.1403632164001465,0.5823931694030762,0.1439910531044006,-2.2664144039154053,0.7852851748466492,0.3297121226787567,-2.6648452281951904,0.6746113896369934,0.3141611814498901,-2.7057917118072510,0.9819210767745972,0.5640885829925537,-1.5159784555435181,0.3681045174598694,0.6010385155677795,-1.7022190093994141,0.9837930798530579,1.0972970724105835,-1.4162751436233521,0.2229919433593750,1.2969058752059937,-2.2347226142883301,0.8820036649703979,0.8346934914588928,-1.6981780529022217,0.5146501660346985,1.0181089639663696,-3.0584976673126221,0.8580731153488159,0.7658275961875916,-1.8096039295196533,0.5894715189933777,1.0721772909164429,-3.2635142803192139,0.8362453579902649,0.7438830137252808,-1.8288974761962891,0.5999373197555542,0.8637006282806396,-3.1870474815368652,0.8389118909835815,0.7518818378448486,-1.7280012369155884,0.5968036651611328,0.8836472034454346,-3.0541830062866211,0.8732822537422180,1.5813688039779663,0.0670189410448074,0.4676165580749512,1.5752068758010864,-0.0549032092094421,0.8440389633178711,2.4458601474761963,-0.0700539499521255,0.4896337985992432,2.4435095787048340,-0.0256429128348827,0.7838908433914185,3.1675488948822021,1.2855292558670044,0.4470150470733643,3.1108431816101074,0.9680659174919128,0.7724367976188660,3.2771673202514648,1.4384973049163818,0.4370910525321960,3.2017984390258789,1.0600281953811646,0.7439298629760742,3.4264526367187500,0.9779766798019409,0.4914402961730957,3.3902812004089355,0.4415377080440521
0.7330743074417114,0.2444733679294586,-2.8484120368957520,0.7869445085525513,0.1424820721149445,-2.7595844268798828,0.8148420453071594,0.1369881927967072,-2.7596585750579834,0.8407225608825684,0.1330424100160599,-2.7592732906341553,0.6929789781570435,0.1464154422283173,-2.7841708660125732,0.6555711030960083,0.1440573781728745,-2.7853107452392578,0.6216467618942261,0.1409375369548798,-2.7857165336608887,0.8905187845230103,0.1500267684459686,-2.0705332756042480,0.5771234035491943,0.1572882235050201,-2.1716942787170410,0.7840310335159302,0.3377771079540253,-2.5655491352081299,0.6744431257247925,0.3336463868618011,-2.6008715629577637,0.9812272787094116,0.5515748858451843,-1.5168145895004272,0.3770989775657654,0.6007778048515320,-1.6280759572982788,1.0443274974822998,1.0907448530197144,-1.6424434185028076,0.2693544924259186,1.2748900651931763,-2.1198592185974121,0.8403169512748718,0.8747268915176392,-2.1753497123718262,0.5141043663024902,1.1415382623672485,-2.9457867145538330,0.7880475521087646,0.8416158556938171,-2.3288922309875488,0.5824121832847595,1.1436176300048828,-3.1445567607879639,0.7547906637191772,0.8129590749740601,-2.2918841838836670,0.5997282266616821,0.8860374689102173,-3.0869069099426270,0.7639284133911133,0.8051153421401978,-2.1859221458435059,0.5953333377838135,0.9346675872802734,-2.9363427162170410,0.9047562479972839,1.5672392845153809,0.0607269592583179,0.4931889474391937,1.5737367868423462,-0.0479708425700665,0.8691647648811340,2.4291758537292480,-0.1720769107341766,0.5119073390960693,2.4304876327514648,-0.4257015287876129,0.8295596837997437,3.1349709033966064,1.0741131305694580,0.4852520525455475,3.1547129154205322,0.3517830371856689,0.8261413574218750,3.2345838546752930,1.2082451581954956,0.4807779192924500,3.2492189407348633,0.4241185188293457,0.7808581590652466,3.4001908302307129,0.6757384538650513,0.5265294313430786,3.4387063980102539,-0.2195039242506027
0.7255390882492065,0.2570045888423920,-2.0971155166625977,0.7714464664459229,0.1504615396261215,-2.0590281486511230,0.7971689105033875,0.1416782587766647,-2.0592455863952637,0.8196504712104797,0.1344475895166397,-2.0586247444152832,0.6757199168205261,0.1627354174852371,-2.0310130119323730,0.6436191797256470,0.1630781292915344,-2.0316939353942871,0.6173443794250488,0.1624727249145508,-2.0318415164947510,0.8672723770141602,0.1500786840915680,-1.5645935535430908,0.5784212350845337,0.1673562675714493,-1.4373717308044434,0.7819349169731140,0.3394778966903687,-1.8870702981948853,0.6743214726448059,0.3541940450668335,-1.8536112308502197,0.9816275835037231,0.4926019012928009,-1.2663787603378296,0.4458548426628113,0.5506257414817810,-0.9295320510864258,1.0628628730773926,0.8747093081474304,-1.7885711193084717,0.3771304488182068,0.9957560896873474,-1.3159129619598389,0.8065673708915710,0.8654110431671143,-2.5911002159118652,0.5233659744262695,1.1002564430236816,-2.1302573680877686,0.7031907439231873,0.8629454970359802,-2.8220503330230713,0.5773891806602478,1.1101723909378052,-2.3229701519012451,0.6885721683502197,0.8034444451332092,-2.7369396686553955,0.5977784395217896,0.8805131912231445,-2.3300590515136719,0.6996979117393494,0.7984867691993713,-2.5892455577850342,0.5963079333305359,0.8863310217857361,-2.1679842472076416,0.9173228144645691,1.4798978567123413,-0.0456226058304310,0.5406385660171509,1.4611277580261230,0.0570693090558052,0.8713033795356750,2.2407662868499756,-0.4193003177642822,0.5194042325019836,2.2252209186553955,-0.3196969032287598,0.8276354074478149,2.9524340629577637,0.4630393385887146,0.4954245984554291,2.9811422824859619,0.2887459397315979,0.8255941271781921,3.0365836620330811,0.5607485175132751,0.4958881437778473,3.0781531333923340,0.3455619215965271,0.7500035166740417,3.2372677326202393,0.0580756366252899,0.5099334120750427,3.2625579833984375,-0.1927857547998428
0.7035947442054749,0.2662332653999329,-2.1699957847595215,0.7506865859031677,0.1636867523193359,-2.1009151935577393,0.7823738455772400,0.1551490575075150,-2.1013195514678955,0.8073989152908325,0.1478897631168365,-2.1008322238922119,0.6634444594383240,0.1739890873432159,-2.0852403640747070,0.6386076211929321,0.1737819015979767,-2.0860111713409424,0.6157919764518738,0.1728880852460861,-2.0861008167266846,0.8452441096305847,0.1597634255886078,-1.5121419429779053,0.5765428543090820,0.1809832304716110,-1.4440729618072510,0.7601217031478882,0.3517073988914490,-1.9325746297836304,0.6651239991188049,0.3609442710876465,-1.9167655706405640,0.9808953404426575,0.5338479280471802,-1.1179263591766357,0.4393747746944427,0.5786791443824768,-0.9514967799186707,1.0857563018798828,1.0854896306991577,-1.6869447231292725,0.2853528857231140,1.0582690238952637,-1.4606461524963379,0.7711087465286255,0.8975583314895630,-2.5074830055236816,0.4823087751865387,0.9834083914756775,-2.4176526069641113,0.6657093763351440,0.8818143606185913,-2.7371578216552734,0.5546393990516663,0.9804877638816833,-2.6226813793182373,0.6637778878211975,0.8068875670433044,-2.6554188728332520,0.5856448411941528,0.8451319336891174,-2.5905947685241699,0.6722530722618103,0.8022183179855347,-2.5047888755798340,0.5830447077751160,0.8571667075157166,-2.4338495731353760,0.9113882780075073,1.5083250999450684,-0.0352101959288120,0.5356991887092590,1.4760888814926147,0.0469275265932083,0.8708270788192749,2.2625153064727783,-0.3839766085147858,0.5216785669326782,2.2467465400695801,-0.3076318502426147,0.8286229968070984,2.9721739292144775,0.7261593341827393,0.5117813348770142,2.9613993167877197,0.5606391429901123,0.8284667730331421,3.0776834487915039,0.8440536260604858,0.5157700777053833,3.0601572990417480,0.6384363770484924,0.7553102374076843,3.2415535449981689,0.3238996267318726,0.5174802541732788,3.2184875011444092,0.0472457148134708
0.7035567760467529,0.2903548181056976,-1.8591541051864624,0.7502630949020386,0.1834962218999863,-1.8083623647689819,0.7802730798721313,0.1723439693450928,-1.8085082769393921,0.8038005828857422,0.1624026596546173,-1.8083188533782959,0.6602152585983276,0.2033990770578384,-1.7907844781875610,0.6348278522491455,0.2060818970203400,-1.7914041280746460,0.6134283542633057,0.2080147564411163,-1.7914081811904907,0.8450694084167480,0.1699665039777756,-1.3031952381134033,0.5778568983078003,0.2183163315057755,-1.2197729349136353,0.7607525587081909,0.3638157546520233,-1.6467344760894775,0.6654185056686401,0.3850885927677155,-1.6253935098648071,0.9834887385368347,0.5296839475631714,-0.9917720556259155,0.4665893912315369,0.5782026648521423,-0.8041904568672180,1.0159343481063843,0.9456202387809753,-1.4514186382293701,0.2833176553249359,0.9914291501045227,-1.2342151403427124,0.7241383790969849,0.9154907464981079,-2.1495232582092285,0.5273388624191284,0.9498708844184875,-1.9834892749786377,0.6276682615280151,0.9175770282745361,-2.3590624332427979,0.5930754542350769,0.9877070784568787,-2.1735696792602539,0.5997923612594604,0.8461919426918030,-2.2775304317474365,0.6019179821014404,0.8470768332481384,-2.1205151081085205,0.6309404373168945,0.8388779759407043,-2.1396744251251221,0.6014369130134583,0.8595926761627197,-1.9867979288101196,0.9272525906562805,1.4823918342590332,-0.0397984758019447,0.5660165548324585,1.4747097492218018,0.0508471056818962,0.9189221262931824,2.1522245407104492,-0.4521443247795105,0.5675098896026611,2.2041308879852295,-0.3512275815010071,0.9026249051094055,2.8142497539520264,0.5351802110671997,0.5678374171257019,2.9364759922027588,0.2723351716995239,0.9095061421394348,2.8996319770812988,0.6445146799087524,0.5746878385543823,3.0378892421722412,0.3301095664501190,0.8429223895072937,3.0716063976287842,0.2118839323520660,0.5606242418289185,3.1880135536193848,-0.2085480690002441
0.6844847798347473,0.3065713346004486,-2.2219529151916504,0.7333749532699585,0.2028829306364059,-2.1683347225189209,0.7670255303382874,0.1943468004465103,-2.1692609786987305,0.7934101819992065,0.1869130134582520,-2.1690366268157959,0.6485027074813843,0.2151199430227280,-2.1504044532775879,0.6265224218368530,0.2153570652008057,-2.1512398719787598,0.6057957410812378,0.2154381573200226,-2.1516649723052979,0.8313859105110168,0.1950405985116959,-1.6069570779800415,0.5680703520774841,0.2247285544872284,-1.5182707309722900,0.7425282001495361,0.3857411146163940,-1.9851312637329102,0.6530159711837769,0.3951045274734497,-1.9625015258789062,0.9678834676742554,0.5423761010169983,-1.2143543958663940,0.4572072029113770,0.6009931564331055,-1.0097187757492065,1.0510638952255249,1.0330162048339844,-1.7401622533798218,0.2812742590904236,1.0146106481552124,-1.6133654117584229,0.7267866134643555,0.8927986621856689,-2.5139527320861816,0.4847072958946228,0.9610487818717957,-2.5681891441345215,0.6181246042251587,0.9049579501152039,-2.7314820289611816,0.5572951436042786,0.9443494081497192,-2.7869057655334473,0.6106148958206177,0.8339650630950928,-2.6567645072937012,0.5820199847221375,0.8482188582420349,-2.7362997531890869,0.6228912472724915,0.8257647752761841,-2.5097985267639160,0.5803405642509460,0.8535880446434021,-2.5741031169891357,0.8939245343208313,1.4857103824615479,-0.0490611270070076,0.5468236207962036,1.4795459508895874,0.0599192865192890,0.8656545877456665,2.1865112781524658,-0.4328898787498474,0.5404881238937378,2.2033236026763916,-0.3284494280815125,0.8460103869438171,2.8195929527282715,0.6386025547981262,0.5638920068740845,2.9051551818847656,0.5536337494850159,0.8576386570930481,2.9379427433013916,0.7505398988723755,0.5649594068527222,3.0036778450012207,0.6303110122680664,0.7650948762893677,3.1225283145904541,0.2210163176059723,0.5402458906173706,3.1424624919891357,0.0260402299463749
0.6848707795143127,0.3061022162437439,-1.8168804645538330,0.7327833771705627,0.2024427801370621,-1.7629158496856689,0.7632710337638855,0.1937489956617355,-1.7630436420440674,0.7865660786628723,0.1862457543611526,-1.7627483606338501,0.6458427309989929,0.2166359573602676,-1.7559150457382202,0.6230774521827698,0.2179903537034988,-1.7565631866455078,0.6032596826553345,0.2190650403499603,-1.7566258907318115,0.8227833509445190,0.1945743858814240,-1.2685834169387817,0.5682305097579956,0.2296781688928604,-1.2269067764282227,0.7437600493431091,0.3852044641971588,-1.6110407114028931,0.6519973874092102,0.3961592316627502,-1.6021432876586914,0.9661080241203308,0.5351675748825073,-0.9445794224739075,0.4559437334537506,0.5939743518829346,-0.8604258298873901,1.0849699974060059,1.0078628063201904,-1.3688238859176636,0.2852600216865540,1.0269330739974976,-1.3710618019104004,0.7201561331748962,0.9006497859954834,-1.9998098611831665,0.5307813286781311,0.9121735095977783,-2.0599493980407715,0.6071839928627014,0.9151111841201782,-2.1763334274291992,0.5738533735275269,0.8931785225868225,-2.2423052787780762,0.5893586874008179,0.8436491489410400,-2.0819513797760010,0.5914723277091980,0.8262183666229248,-2.1516947746276855,0.6175478100776672,0.8354908227920532,-1.9829345941543579,0.5957049131393433,0.8247758150100708,-2.0464053153991699,0.8930625915527344,1.4712902307510376,-0.0388399697840214,0.5449684262275696,1.4697670936584473,0.0490429885685444,0.8701623082160950,2.1806356906890869,-0.3783112764358521,0.5513545870780945,2.1986844539642334,-0.3151493966579437,0.8609433174133301,2.8460698127746582,0.5699015855789185,0.5693817734718323,2.8950982093811035,0.3755316436290741,0.8694660067558289,2.9447016716003418,0.6669846773147583,0.5728514790534973,2.9902446269989014,0.4344255030155182,0.8086225390434265,3.1018800735473633,0.2006634026765823,0.5703808069229126,3.1364541053771973,-0.0949040204286575
0.6855285763740540,0.3171626925468445,-2.3352773189544678,0.7335602045059204,0.2043180763721466,-2.2758722305297852,0.7634800672531128,0.1955170333385468,-2.2762022018432617,0.7860928177833557,0.1882562190294266,-2.2765312194824219,0.6438258290290833,0.2209853082895279,-2.2918236255645752,0.6196894645690918,0.2224580943584442,-2.2927594184875488,0.5994675159454346,0.2230456322431564,-2.2928698062896729,0.8218920826911926,0.1949457973241806,-1.7163896560668945,0.5620328187942505,0.2324605882167816,-1.7719371318817139,0.7444434165954590,0.3981441259384155,-2.0948255062103271,0.6516254544258118,0.4142171144485474,-2.1132509708404541,0.9590417146682739,0.5311545133590698,-1.2911739349365234,0.4309063553810120,0.6093839406967163,-1.3726557493209839,1.1031481027603149,0.9227746129035950,-1.4500138759613037,0.2654344737529755,1.0153471231460571,-1.8920860290527344,0.7851284146308899,0.8776673078536987,-2.0002577304840088,0.5113804936408997,0.9198884963989258,-2.4900321960449219,0.6685738563537598,0.9096180200576782,-2.1588172912597656,0.5548508167266846,0.9114707708358765,-2.6761009693145752,0.6163869500160217,0.8495897650718689,-2.1184041500091553,0.5794997811317444,0.8384154438972473,-2.6135160923004150,0.6284215450286865,0.8398484587669373,-2.0024888515472412,0.5846368670463562,0.8264757394790649,-2.4827678203582764,0.8907274007797241,1.4340121746063232,-0.0145937325432897,0.5442252159118652,1.4566682577133179,0.0235182717442513,0.8850156068801880,2.0009789466857910,-0.2160378247499466,0.5577101707458496,2.0746622085571289,-0.1630671620368958,0.8697824478149414,2.5462150573730469,0.9546376466751099,0.5733500719070435,2.6921994686126709,0.6098440289497375,0.8746469616889954,2.6131286621093750,1.0866004228591919,0.5815206766128540,2.7790441513061523,0.6830048561096191,0.8211920857429504,2.7825431823730469,0.7202478647232056,0.5801527500152588,2.9145500659942627,0.1672731786966324
0.6892167329788208,0.3142124116420746,-2.2674393653869629,0.7352746129035950,0.2002775520086288,-2.2013776302337646,0.7637335658073425,0.1918174773454666,-2.2011318206787109,0.7864514589309692,0.1850995123386383,-2.2003579139709473,0.6440985798835754,0.2192140966653824,-2.2000479698181152,0.6182373166084290,0.2220855802297592,-2.2009694576263428,0.5964896082878113,0.2223545908927917,-2.2011561393737793,0.8294946551322937,0.1923067122697830,-1.6706202030181885,0.5616115331649780,0.2320899069309235,-1.6449579000473022,0.7506390810012817,0.3967584967613220,-2.0574247837066650,0.6528080701828003,0.4126429259777069,-2.0538027286529541,0.9645945429801941,0.5295715332031250,-1.2454367876052856,0.4445221424102783,0.6025939583778381,-1.2395094633102417,1.0999145507812500,1.0423935651779175,-1.6308238506317139,0.2639451622962952,1.0598627328872681,-1.8292678594589233,0.7290157675743103,0.8894494175910950,-2.4545955657958984,0.4857791066169739,0.9233868718147278,-2.5177035331726074,0.6140148639678955,0.9091137051582336,-2.6680457592010498,0.5384887456893921,0.9196596145629883,-2.7238845825195312,0.5853491425514221,0.8419748544692993,-2.5786643028259277,0.5697192549705505,0.8415660858154297,-2.6593265533447266,0.6120426654815674,0.8393825888633728,-2.4464166164398193,0.5742129683494568,0.8285982608795166,-2.5170328617095947,0.9030375480651855,1.4418499469757080,-0.0122524928301573,0.5476145148277283,1.4537526369094849,0.0218788553029299,0.8860813975334167,2.1116795539855957,-0.3252924084663391,0.5616296529769897,2.1022448539733887,-0.2471880018711090,0.8680292963981628,2.7159872055053711,0.7151200771331787,0.5699673295021057,2.7420568466186523,0.4996617734432220,0.8679439425468445,2.8031921386718750,0.8252729177474976,0.5795764923095703,2.8335797786712646,0.5686174035072327,0.8180124163627625,2.9532759189605713,0.3591744005680084,0.5774811506271362,2.9712789058685303,0.0289936810731888
0.6908337473869324,0.3075795769691467,-2.2415039539337158,0.7356665134429932,0.1956942081451416,-2.1692287921905518,0.7639554738998413,0.1875178664922714,-2.1695859432220459,0.7869017720222473,0.1806923300027847,-2.1691877841949463,0.6441833376884460,0.2125465720891953,-2.1652579307556152,0.6183059215545654,0.2151183336973190,-2.1659443378448486,0.5967507958412170,0.2160778641700745,-2.1659286022186279,0.8250170946121216,0.1877080053091049,-1.5967423915863037,0.5606888532638550,0.2274832576513290,-1.5741343498229980,0.7515266537666321,0.3894772827625275,-2.0056109428405762,0.6531314849853516,0.4062734544277191,-2.0015282630920410,0.9532055854797363,0.5201970934867859,-1.1907963752746582,0.4321254789829254,0.5873250365257263,-1.1511991024017334,1.0116467475891113,0.9502793550491333,-1.6422836780548096,0.2670002877712250,1.0165088176727295,-1.8237113952636719,0.7177540063858032,0.8904550075531006,-2.4535474777221680,0.4864621758460999,0.9410433173179626,-2.4912245273590088,0.5949822664260864,0.9093337655067444,-2.6733157634735107,0.5391089916229248,0.9507631659507751,-2.6996054649353027,0.5872712135314941,0.8461512327194214,-2.5980243682861328,0.5624576807022095,0.8747916817665100,-2.6552600860595703,0.6014539003372192,0.8415957093238831,-2.4504258632659912,0.5652793049812317,0.8623837232589722,-2.4972958564758301,0.8829978108406067,1.4388803243637085,-0.0128993866965175,0.5353044867515564,1.4440854787826538,0.0225864853709936,0.8653004765510559,2.0749273300170898,-0.4989519119262695,0.5488749742507935,2.0804409980773926,-0.4271365106105804,0.8451210856437683,2.7441062927246094,0.4660662114620209,0.5574349164962769,2.7624619007110596,0.2621425986289978,0.8471363782882690,2.8324100971221924,0.5692138671875000,0.5652243494987488,2.8572323322296143,0.3245277106761932,0.7907320261001587,2.9855782985687256,0.0694267302751541,0.5698786973953247,3.0003190040588379,-0.2650852799415588
0.6902527213096619,0.2950852513313293,-2.1929659843444824,0.7355269789695740,0.1883649677038193,-2.1148610115051270,0.7632334828376770,0.1817526668310165,-2.1152429580688477,0.7859419584274292,0.1761824041604996,-2.1151795387268066,0.6425563693046570,0.2040674090385437,-2.1269819736480713,0.6156693100929260,0.2073630690574646,-2.1277790069580078,0.5940243601799011,0.2096073180437088,-2.1277120113372803,0.8249932527542114,0.1871025413274765,-1.5187556743621826,0.5596840977668762,0.2252595126628876,-1.5598318576812744,0.7511147856712341,0.3829359710216522,-1.9440801143646240,0.6501823663711548,0.3958665132522583,-1.9616835117340088,0.9536480903625488,0.5208470821380615,-1.0772870779037476,0.4267758727073669,0.5999449491500854,-1.1483821868896484,1.0378434658050537,0.9518650770187378,-1.4450210332870483,0.2657401263713837,1.1235307455062866,-1.7352283000946045,0.7189567089080811,0.8982871174812317,-2.1867837905883789,0.4812690615653992,0.9374481439590454,-2.5493788719177246,0.6056284904479980,0.9149026274681091,-2.3869729042053223,0.5352307558059692,0.9403621554374695,-2.7731642723083496,0.5742748379707336,0.8470240831375122,-2.3384847640991211,0.5624375939369202,0.8626215457916260,-2.7104721069335938,0.6032574176788330,0.8437898159027100,-2.1910672187805176,0.5651264786720276,0.8615576028823853,-2.5463204383850098,0.8821668624877930,1.4406520128250122,0.0061296457424760,0.5354253649711609,1.4481972455978394,0.0038492463063449,0.8680919408798218,2.0838100910186768,-0.3503321707248688,0.5520470142364502,2.0860571861267090,-0.4035781919956207,0.8547067642211914,2.7484786510467529,0.7484740614891052,0.5630779862403870,2.7762312889099121,0.4672153890132904,0.8562601804733276,2.8388304710388184,0.8636667132377625,0.5681533813476562,2.8710923194885254,0.5406411886215210,0.8136223554611206,2.9971094131469727,0.3938402533531189,0.5873397588729858,3.0173461437225342,-0.0511331334710121
0.6888687014579773,0.2846630215644836,-2.0451188087463379,0.7346240878105164,0.1801433563232422,-1.9802249670028687,0.7617665529251099,0.1730974763631821,-1.9802671670913696,0.7842519879341125,0.1668275892734528,-1.9801084995269775,0.6410547494888306,0.1968771517276764,-1.9836761951446533,0.6133782863616943,0.2005276083946228,-1.9844486713409424,0.5915376543998718,0.2034574002027512,-1.9844487905502319,0.8249884843826294,0.1797064393758774,-1.4259316921234131,0.5591729879379272,0.2208396047353745,-1.4350693225860596,0.7497839927673340,0.3702088296413422,-1.8150081634521484,0.6477481126785278,0.3837773203849792,-1.8206905126571655,0.9539523124694824,0.5160985589027405,-1.0201222896575928,0.4271762371063232,0.5813331604003906,-1.0220963954925537,1.0584375858306885,0.9418968558311462,-1.2789890766143799,0.2659489512443542,1.0500961542129517,-1.5261381864547729,0.7159085869789124,0.8981415629386902,-1.8781286478042603,0.4738205969333649,0.9266489148139954,-2.3317425251007080,0.6060188412666321,0.9233711361885071,-2.0474524497985840,0.5311945676803589,0.9287297725677490,-2.5407972335815430,0.5775501132011414,0.8495581746101379,-2.0041255950927734,0.5495696663856506,0.8515146970748901,-2.4772987365722656,0.6037424802780151,0.8443926572799683,-1.8800872564315796,0.5481722354888916,0.8468764424324036,-2.3300697803497314,0.8844267725944519,1.4363259077072144,0.0050678462721407,0.5379877090454102,1.4457973241806030,0.0050143226981163,0.8745226860046387,2.1225888729095459,-0.3044378757476807,0.5545967817306519,2.1011798381805420,-0.2807254195213318,0.8632954359054565,2.7531774044036865,0.7290707826614380,0.5710403919219971,2.7849652767181396,0.4646431803703308,0.8661206364631653,2.8476576805114746,0.8416754603385925,0.5751776099205017,2.8788859844207764,0.5345561504364014,0.8223853111267090,3.0011069774627686,0.3882989883422852,0.5966151356697083,3.0248892307281494,-0.0212592221796513
0.6918600201606750,0.2871294319629669,-2.2993669509887695,0.7370256185531616,0.1819680035114288,-2.2409341335296631,0.7635409832000732,0.1747320443391800,-2.2412750720977783,0.7857415080070496,0.1683827489614487,-2.2414546012878418,0.6441703438758850,0.1995124667882919,-2.2472999095916748,0.6156195402145386,0.2032068520784378,-2.2482161521911621,0.5935772657394409,0.2060681283473969,-2.2484323978424072,0.8284338712692261,0.1803197711706161,-1.6864435672760010,0.5622598528862000,0.2229225784540176,-1.7106701135635376,0.7530599236488342,0.3729709684848785,-2.0637528896331787,0.6515204310417175,0.3858340978622437,-2.0732004642486572,0.9589573144912720,0.5162030458450317,-1.2688169479370117,0.4323368072509766,0.5733947753906250,-1.2661850452423096,1.0496383905410767,0.9321276545524597,-1.4155179262161255,0.2344875335693359,1.0149124860763550,-1.7524178028106689,0.7411240339279175,0.8738165497779846,-1.9210751056671143,0.4756565988063812,0.9190599322319031,-2.4689648151397705,0.6649051308631897,0.8870857357978821,-2.0805974006652832,0.5327960252761841,0.9292678236961365,-2.6734209060668945,0.6296660304069519,0.8536908030509949,-2.0576729774475098,0.5639157295227051,0.8585302829742432,-2.5967729091644287,0.6356952786445618,0.8464511036872864,-1.9289016723632812,0.5622118711471558,0.8488827347755432,-2.4589715003967285,0.8856815099716187,1.4110274314880371,-0.0016900913324207,0.5438173413276672,1.4284652471542358,0.0113264005631208,0.8755610585212708,2.0318763256072998,-0.2434913814067841,0.5558820962905884,2.0777888298034668,-0.2029976844787598,0.8631555438041687,2.6363966464996338,0.8095074892044067,0.5703837275505066,2.7198920249938965,0.5797861814498901,0.8659938573837280,2.7182734012603760,0.9265018701553345,0.5744301080703735,2.8094999790191650,0.6524593234062195,0.8183530569076538,2.8741030693054199,0.5184806585311890,0.5886424779891968,2.9501922130584717,0.1235857158899307
0.6903842687606812,0.2787199318408966,-2.3334097862243652,0.7369300723075867,0.1761638969182968,-2.2817494869232178,0.7636002302169800,0.1695271879434586,-2.2820439338684082,0.7857894897460938,0.1635771840810776,-2.2819409370422363,0.6429678201675415,0.1918495744466782,-2.2729530334472656,0.6151779890060425,0.1948551535606384,-2.2741065025329590,0.5934728384017944,0.1971225440502167,-2.2743952274322510,0.8301486968994141,0.1766131073236465,-1.7620140314102173,0.5628612041473389,0.2142560929059982,-1.7221063375473022,0.7525131702423096,0.3714406788349152,-2.1140162944793701,0.6499983072280884,0.3802826702594757,-2.1057145595550537,0.9670773744583130,0.5402835607528687,-1.3766362667083740,0.4382639527320862,0.5792794823646545,-1.2441486120223999,1.0286239385604858,1.0214582681655884,-1.7584807872772217,0.2374700605869293,1.0182478427886963,-1.8156938552856445,0.7131537199020386,0.8552414178848267,-2.4044384956359863,0.4770191609859467,0.9206650257110596,-2.7401344776153564,0.6367183327674866,0.8391439914703369,-2.5971777439117432,0.5244125723838806,0.9522364735603333,-2.9597945213317871,0.5870711803436279,0.8162450790405273,-2.5338311195373535,0.5531513690948486,0.8514971137046814,-2.8856627941131592,0.6181943416595459,0.8413169384002686,-2.4024899005889893,0.5628145933151245,0.8496304750442505,-2.7383990287780762,0.9005195498466492,1.4422240257263184,-0.0248573571443558,0.5508662462234497,1.4429293870925903,0.0357312597334385,0.8727510571479797,2.1801180839538574,-0.2548649907112122,0.5537620782852173,2.1630270481109619,-0.2195943146944046,0.8572255373001099,2.8098361492156982,0.7845615744590759,0.5545822381973267,2.7828211784362793,0.6805365085601807,0.8635586500167847,2.9021673202514648,0.9015021324157715,0.5588765740394592,2.8729400634765625,0.7644708752632141,0.7768907546997070,3.0523462295532227,0.4079757332801819,0.5599746704101562,3.0266635417938232,0.2169036865234375
0.6889480948448181,0.2778645753860474,-2.4423584938049316,0.7363661527633667,0.1742200255393982,-2.3716568946838379,0.7636455893516541,0.1677660942077637,-2.3717043399810791,0.7858521938323975,0.1622067242860794,-2.3714668750762939,0.6423922181129456,0.1892247945070267,-2.3765656948089600,0.6151028871536255,0.1916828453540802,-2.3775362968444824,0.5933298468589783,0.1935189664363861,-2.3776416778564453,0.8269952535629272,0.1755304336547852,-1.7585256099700928,0.5557197332382202,0.2106993496417999,-1.7794510126113892,0.7514482736587524,0.3691202104091644,-2.1909027099609375,0.6492327451705933,0.3779030740261078,-2.2010836601257324,0.9575725793838501,0.5283512473106384,-1.3039000034332275,0.4131121039390564,0.5893313288688660,-1.2576205730438232,1.0305876731872559,0.9414905905723572,-1.2369729280471802,0.2420187890529633,1.0132738351821899,-1.8201749324798584,0.7814599871635437,0.8415992259979248,-1.5212036371231079,0.4547797739505768,0.9277028441429138,-2.7790005207061768,0.7191482782363892,0.8416262269020081,-1.6298592090606689,0.5202355980873108,0.9461122751235962,-3.0042593479156494,0.6413718461990356,0.8155418038368225,-1.6453651189804077,0.5531926751136780,0.8514677286148071,-2.9475972652435303,0.6513923406600952,0.8412235975265503,-1.5388540029525757,0.5566889643669128,0.8488005995750427,-2.7868793010711670,0.8942168951034546,1.4697818756103516,-0.0183357559144497,0.5319600105285645,1.4865987300872803,0.0296749509871006,0.8886068463325500,2.2153587341308594,-0.2386941462755203,0.5545130968093872,2.2598271369934082,-0.1064019575715065,0.9028059244155884,2.8519668579101562,0.9514524340629578,0.5820716619491577,2.9091064929962158,0.7704670429229736,0.9128066301345825,2.9428350925445557,1.0795223712921143,0.5934751033782959,3.0006761550903320,0.8482568860054016,0.8413858413696289,3.0967717170715332,0.6007184386253357,0.6000779867172241,3.1511301994323730,0.2693034708499908
0.6889794468879700,0.2756995856761932,-2.1750454902648926,0.7363666296005249,0.1692453175783157,-2.1256916522979736,0.7636254429817200,0.1617756932973862,-2.1262962818145752,0.7858971953392029,0.1550589352846146,-2.1264965534210205,0.6423791050910950,0.1860847771167755,-2.1050426959991455,0.6147454977035522,0.1888501197099686,-2.1059598922729492,0.5928138494491577,0.1910084038972855,-2.1062865257263184,0.8311610221862793,0.1701816022396088,-1.6102266311645508,0.5580839514732361,0.2099321335554123,-1.5146473646163940,0.7513250112533569,0.3622370362281799,-1.9557447433471680,0.6498152017593384,0.3758816719055176,-1.9300241470336914,0.9765858650207520,0.5344720482826233,-1.2864547967910767,0.4583897590637207,0.5812140107154846,-1.0690320730209351,1.0338551998138428,1.0483983755111694,-1.6002880334854126,0.2469855248928070,0.9759562015533447,-1.6880409717559814,0.7232547998428345,0.9421290159225464,-2.1975588798522949,0.4548645019531250,0.9167063832283020,-2.7028424739837646,0.6309188008308411,0.9442995786666870,-2.3992173671722412,0.5154630541801453,0.9339456558227539,-2.9317879676818848,0.5968056917190552,0.8474047780036926,-2.3651127815246582,0.5448347330093384,0.8408362269401550,-2.8624241352081299,0.6171271800994873,0.8658398985862732,-2.2020921707153320,0.5530765056610107,0.8458643555641174,-2.7064795494079590,0.9200723767280579,1.4954530000686646,-0.0592045299708843,0.5720309019088745,1.4892321825027466,0.0687734782695770,0.8824244737625122,2.1549310684204102,-0.2510797977447510,0.5525733828544617,2.1050131320953369,-0.1154306530952454,0.8585004806518555,2.7908713817596436,0.9272300601005554,0.5678856968879700,2.7564496994018555,0.8302139043807983,0.8731120228767395,2.8799879550933838,1.0547372102737427,0.5862859487533569,2.8574507236480713,0.9181373715400696,0.7522762417793274,3.0264341831207275,0.6171974539756775,0.5299985408782959,2.9734084606170654,0.3972392380237579
0.6912712454795837,0.2465996593236923,-2.2687411308288574,0.7392264604568481,0.1489824205636978,-2.2050089836120605,0.7710551023483276,0.1439444720745087,-2.2056682109832764,0.7950648665428162,0.1390325725078583,-2.2060842514038086,0.6450158357620239,0.1646064072847366,-2.2041203975677490,0.6192554831504822,0.1688119471073151,-2.2051930427551270,0.5966126322746277,0.1726341992616653,-2.2054209709167480,0.8334635496139526,0.1595889478921890,-1.6423995494842529,0.5570765733718872,0.1992097049951553,-1.6280629634857178,0.7618542313575745,0.3395778536796570,-2.0281403064727783,0.6513606309890747,0.3500840961933136,-2.0269346237182617,0.9798558354377747,0.5372720956802368,-1.2941520214080811,0.4559839367866516,0.6125909090042114,-1.2276549339294434,1.0611889362335205,1.0535997152328491,-1.7463287115097046,0.3217314779758453,1.1591249704360962,-1.8487297296524048,0.6961923837661743,0.9480088353157043,-2.4340794086456299,0.4558750689029694,0.9666102528572083,-2.7099480628967285,0.6192935705184937,0.9342043995857239,-2.6524522304534912,0.4772475361824036,0.9792416691780090,-2.9360857009887695,0.5696777701377869,0.8758276104927063,-2.5882172584533691,0.5276117920875549,0.8929345011711121,-2.8881354331970215,0.6028324961662292,0.8752259016036987,-2.4343111515045166,0.5354744195938110,0.8853356242179871,-2.7174365520477295,0.9337518811225891,1.5160152912139893,-0.0433635003864765,0.5831752419471741,1.5203938484191895,0.0527337975800037,0.9027851223945618,2.1982195377349854,-0.2565710544586182,0.5826960206031799,2.1661753654479980,-0.1985751688480377,0.8729731440544128,2.8629333972930908,0.9581254720687866,0.5909582376480103,2.8428652286529541,0.7829107046127319,0.8812357187271118,2.9530584812164307,1.0855010747909546,0.6037946939468384,2.9441344738006592,0.8712754249572754,0.7866342067718506,3.1257934570312500,0.5952425003051758,0.5762227177619934,3.0880615711212158,0.3100887238979340
0.6922307014465332,0.2481900602579117,-2.4268054962158203,0.7406913042068481,0.1496703624725342,-2.3713035583496094,0.7719711661338806,0.1444779783487320,-2.3718781471252441,0.7959277629852295,0.1394989788532257,-2.3720996379852295,0.6451264619827271,0.1647579222917557,-2.3550930023193359,0.6193685531616211,0.1680905520915985,-2.3559927940368652,0.5969141125679016,0.1708135306835175,-2.3564548492431641,0.8356237411499023,0.1589576750993729,-1.8169910907745361,0.5608423948287964,0.1953881084918976,-1.7430877685546875,0.7644390463829041,0.3400399088859558,-2.1903326511383057,0.6517378091812134,0.3505533635616302,-2.1711456775665283,0.9862400293350220,0.5384252071380615,-1.5047696828842163,0.4674584865570068,0.5850170254707336,-1.2427327632904053,1.0394034385681152,1.0929008722305298,-2.0645897388458252,0.3214750289916992,1.0435694456100464,-1.8029190301895142,0.5981960892677307,0.9444180727005005,-2.7834067344665527,0.4591301083564758,1.1136820316314697,-2.6962893009185791,0.4938020706176758,0.9478862881660461,-3.0486919879913330,0.4792122840881348,1.1651463508605957,-2.9294166564941406,0.4923370480537415,0.8845643401145935,-2.9803798198699951,0.5224032998085022,1.0953167676925659,-2.9215865135192871,0.5073563456535339,0.8773518204689026,-2.7854478359222412,0.5171602368354797,0.9478966593742371,-2.7167954444885254,0.9521271586418152,1.5117884874343872,-0.0457086712121964,0.6028317213058472,1.5130139589309692,0.0554167032241821,0.9169946908950806,2.2155761718750000,-0.5637602210044861,0.5967707037925720,2.1782827377319336,-0.6734222173690796,0.8799265623092651,2.9152290821075439,0.5890919566154480,0.5932072997093201,2.9408004283905029,0.1690044701099396,0.8862439393997192,3.0052766799926758,0.7058600187301636,0.6021271347999573,3.0514533519744873,0.2435033619403839,0.7983924746513367,3.1849563121795654,0.1405095756053925,0.5790546536445618,3.1897711753845215,-0.4090738296508789
0.6803885698318481,0.2466775029897690,-2.0977590084075928,0.7279526591300964,0.1497016251087189,-2.0512790679931641,0.7617336511611938,0.1444908529520035,-2.0515923500061035,0.7890223264694214,0.1396145373582840,-2.0512638092041016,0.6409798860549927,0.1644189357757568,-2.0366642475128174,0.6177207231521606,0.1674520671367645,-2.0376374721527100,0.5960785150527954,0.1698116511106491,-2.0382573604583740,0.8297221064567566,0.1579235494136810,-1.5573366880416870,0.5599293708801270,0.1909563392400742,-1.4983274936676025,0.7512089610099792,0.3395265638828278,-1.8900744915008545,0.6476477980613708,0.3464931845664978,-1.8759416341781616,0.9857255816459656,0.5392255783081055,-1.2487955093383789,0.4665791094303131,0.5816797614097595,-1.0418531894683838,0.9705842733383179,0.9628980159759521,-1.5053555965423584,0.3301088213920593,0.9771509766578674,-1.5231150388717651,0.6102972030639648,0.9415422081947327,-1.9289934635162354,0.4586499631404877,1.0468252897262573,-2.3636634349822998,0.5168674588203430,0.9453631043434143,-2.0864338874816895,0.4795764088630676,1.1132550239562988,-2.5660099983215332,0.5093535780906677,0.8717677593231201,-2.0571053028106689,0.5133296251296997,1.0357546806335449,-2.5299906730651855,0.5228087902069092,0.8627561330795288,-1.9386459589004517,0.5171789526939392,0.9354476928710938,-2.3802044391632080,0.9422827959060669,1.5112847089767456,-0.0325751751661301,0.5850976705551147,1.5099999904632568,0.0434009917080402,0.8850347399711609,2.2839856147766113,-0.2612330317497253,0.5623437166213989,2.2310559749603271,-0.2057280540466309,0.8420363664627075,2.9724552631378174,0.6489577293395996,0.5544781088829041,2.9220113754272461,0.3779566884040833,0.8474417924880981,3.0650835037231445,0.7477471828460693,0.5549358725547791,3.0246441364288330,0.3831134736537933,0.7629582285881042,3.2275121212005615,0.2396815121173859,0.5596779584884644,3.1702466011047363,-0.0156182050704956
0.6855341196060181,0.2461272925138474,-2.1044945716857910,0.7336635589599609,0.1480518877506256,-2.0752902030944824,0.7650406360626221,0.1422481238842010,-2.0753350257873535,0.7904694080352783,0.1366958767175674,-2.0745940208435059,0.6423754692077637,0.1628259718418121,-2.0559911727905273,0.6186105012893677,0.1655540466308594,-2.0574052333831787,0.5970936417579651,0.1675418913364410,-2.0589880943298340,0.8305553197860718,0.1513147205114365,-1.5953669548034668,0.5611776709556580,0.1878841221332550,-1.5413367748260498,0.7550381422042847,0.3392997086048126,-1.9268310070037842,0.6485515832901001,0.3456225693225861,-1.9057410955429077,0.9837511777877808,0.5273561477661133,-1.2652702331542969,0.4558945596218109,0.5584591031074524,-1.0857646465301514,1.0340896844863892,0.9778549671173096,-1.8146330118179321,0.3298026919364929,0.9595082998275757,-1.6460819244384766,0.5954741239547729,0.9420898556709290,-2.5663235187530518,0.4544424414634705,0.9679523110389709,-2.5666599273681641,0.5101718306541443,0.9480993747711182,-2.8004741668701172,0.4368943572044373,0.9906200170516968,-2.7924294471740723,0.5089039206504822,0.8780754804611206,-2.7215819358825684,0.4935897290706635,0.9527026414871216,-2.7768864631652832,0.5232046842575073,0.8674299716949463,-2.5627484321594238,0.5074610710144043,0.9191776514053345,-2.5936474800109863,0.9347974061965942,1.4800573587417603,-0.0371880903840065,0.5805976986885071,1.4754894971847534,0.0476830191910267,0.8850291371345520,2.1678025722503662,-0.6144835352897644,0.5623256564140320,2.1520085334777832,-0.5824547410011292,0.8442372083663940,2.8712875843048096,0.3717926740646362,0.5557568669319153,2.8852734565734863,0.1902129650115967,0.8510527610778809,2.9662926197052002,0.4741085469722748,0.5558207631111145,2.9946374893188477,0.2560655772686005,0.7659353017807007,3.1359941959381104,-0.0685260742902756,0.5582274794578552,3.1405615806579590,-0.3474173843860626
0.6850048303604126,0.2501867115497589,-2.1569437980651855,0.7326012253761292,0.1481980383396149,-2.1098394393920898,0.7641471028327942,0.1423482894897461,-2.1101872920989990,0.7894973754882812,0.1367277354001999,-2.1101481914520264,0.6393714547157288,0.1640922427177429,-2.0985438823699951,0.6160644888877869,0.1668160706758499,-2.0996174812316895,0.5952697992324829,0.1685849279165268,-2.1002774238586426,0.8306740522384644,0.1484860926866531,-1.5965337753295898,0.5607047677040100,0.1873633563518524,-1.5549272298812866,0.7550183534622192,0.3409115970134735,-1.9427318572998047,0.6484795808792114,0.3510718643665314,-1.9316132068634033,0.9857310056686401,0.5222790837287903,-1.2731705904006958,0.4636296629905701,0.5568829178810120,-1.1021846532821655,1.0077693462371826,0.9712720513343811,-1.6071779727935791,0.3317565917968750,0.9300166368484497,-1.6579115390777588,0.5986528992652893,0.9383977651596069,-2.0754494667053223,0.4469446241855621,0.9330542683601379,-2.5605225563049316,0.5181891918182373,0.9414455890655518,-2.2528648376464844,0.4314979016780853,0.9699965715408325,-2.7856769561767578,0.5198718309402466,0.8710406422615051,-2.2377026081085205,0.4893290400505066,0.9028580784797668,-2.7567512989044189,0.5281193852424622,0.8601548671722412,-2.0901131629943848,0.5031496286392212,0.8908402323722839,-2.5807070732116699,0.9339336156845093,1.4729532003402710,-0.0370758771896362,0.5861548185348511,1.4617170095443726,0.0473388060927391,0.8822325468063354,2.1056144237518311,-0.3530933558940887,0.5617403388023376,2.0780136585235596,-0.2730309069156647,0.8380694389343262,2.7340919971466064,0.6598542928695679,0.5536944866180420,2.7499580383300781,0.4643405377864838,0.8445113301277161,2.8148334026336670,0.7763444185256958,0.5577505826950073,2.8488371372222900,0.5352722406387329,0.7474371194839478,2.9947450160980225,0.3764422535896301,0.5423059463500977,2.9919240474700928,0.0377768501639366
0.6796091794967651,0.2693058550357819,-2.1779227256774902,0.7253791689872742,0.1644131243228912,-2.1190135478973389,0.7593933343887329,0.1581855565309525,-2.1191997528076172,0.7863962650299072,0.1520044356584549,-2.1191630363464355,0.6368883848190308,0.1765374988317490,-2.1165549755096436,0.6150205135345459,0.1778205931186676,-2.1175599098205566,0.5947360992431641,0.1786570549011230,-2.1180279254913330,0.8275452852249146,0.1576939076185226,-1.6138426065444946,0.5607157945632935,0.1926698535680771,-1.5561126470565796,0.7501016855239868,0.3620809614658356,-1.9575383663177490,0.6479368209838867,0.3601450622081757,-1.9460580348968506,0.9757121205329895,0.5239698290824890,-1.2860852479934692,0.4628379344940186,0.5630449652671814,-1.0597791671752930,0.9676135778427124,1.0084288120269775,-1.7002575397491455,0.3210447430610657,0.9369189143180847,-1.6364231109619141,0.5232040286064148,0.9236371517181396,-2.1471526622772217,0.4236036837100983,0.9279820919036865,-2.5539209842681885,0.4358391761779785,0.9078012108802795,-2.2820377349853516,0.4156071543693542,0.9460628628730774,-2.7696316242218018,0.4459773004055023,0.8559043407440186,-2.3032104969024658,0.4690733551979065,0.8694986701011658,-2.7276086807250977,0.4789446294307709,0.8493098616600037,-2.0973603725433350,0.4783774018287659,0.8626476526260376,-2.5665621757507324,0.9035707712173462,1.4782195091247559,-0.0505507998168468,0.5666555762290955,1.4653933048248291,0.0607834383845329,0.8493120074272156,2.1655628681182861,-0.3627375364303589,0.5362942814826965,2.1335108280181885,-0.2754335999488831,0.8148404955863953,2.8574326038360596,0.6200234293937683,0.5322415828704834,2.8272943496704102,0.5330493450164795,0.8250826001167297,2.9501957893371582,0.7242673039436340,0.5373253226280212,2.9263989925384521,0.6068847775459290,0.7220007181167603,3.0994839668273926,0.2093593329191208,0.5170242786407471,3.0489652156829834,0.0397294126451015
0.7017096877098083,0.2641490995883942,-3.1296794414520264,0.7541493177413940,0.1540692895650864,-3.0602226257324219,0.7827956080436707,0.1486198157072067,-3.0606126785278320,0.8069712519645691,0.1429407149553299,-3.0606510639190674,0.6513462066650391,0.1669656336307526,-3.0630924701690674,0.6243771314620972,0.1693061292171478,-3.0644066333770752,0.6016994714736938,0.1715302318334579,-3.0647358894348145,0.8537427783012390,0.1535147726535797,-2.3994696140289307,0.5632814764976501,0.1909625083208084,-2.4017155170440674,0.7662284374237061,0.3569321632385254,-2.8507850170135498,0.6554967761039734,0.3594912290573120,-2.8547873497009277,0.9855939745903015,0.5377949476242065,-1.8507429361343384,0.4485589563846588,0.5727112889289856,-1.7937061786651611,1.0052899122238159,1.0792834758758545,-2.1194348335266113,0.3210866451263428,1.1971458196640015,-2.5421369075775146,0.6821685433387756,0.9454952478408813,-2.6593954563140869,0.4153620302677155,0.9264776110649109,-3.5163426399230957,0.6861931681632996,0.9081983566284180,-2.8344492912292480,0.4162160754203796,0.8887724280357361,-3.7436203956604004,0.6178781986236572,0.8490965962409973,-2.8000323772430420,0.4473385810852051,0.7885197997093201,-3.6844151020050049,0.6235235929489136,0.8478244543075562,-2.6630463600158691,0.4506173729896545,0.8133274912834167,-3.5215613842010498,0.9014406204223633,1.4761642217636108,-0.0480996444821358,0.5431000590324402,1.4670338630676270,0.0585232786834240,0.8525359034538269,2.2383825778961182,-0.2642443776130676,0.5331660509109497,2.2324767112731934,-0.0883738622069359,0.8174861073493958,2.8750147819519043,1.3368510007858276,0.5176604390144348,2.8783113956451416,1.2327114343643188,0.8230094909667969,2.9613497257232666,1.4962550401687622,0.5250214934349060,2.9719281196594238,1.3482546806335449,0.7279270887374878,3.1457335948944092,0.9471332430839539,0.5107573270797729,3.1400156021118164,0.7208124399185181
0.7010475993156433,0.2572160065174103,-2.9691896438598633,0.7537657022476196,0.1442668288946152,-2.9070611000061035,0.7838566899299622,0.1384791880846024,-2.9074606895446777,0.8089731931686401,0.1327617317438126,-2.9075899124145508,0.6506029367446899,0.1613820642232895,-2.8848137855529785,0.6226304769515991,0.1651962399482727,-2.8859272003173828,0.5999602675437927,0.1682680994272232,-2.8859980106353760,0.8600624799728394,0.1444213241338730,-2.2812254428863525,0.5634506940841675,0.1871540248394012,-2.1855862140655518,0.7671896219253540,0.3524199128150940,-2.7087163925170898,0.6554177403450012,0.3594465851783752,-2.6835522651672363,1.0635855197906494,0.5874748229980469,-1.8036512136459351,0.4798233509063721,0.5681266784667969,-1.5837823152542114,1.0365498065948486,1.2120590209960938,-2.0812537670135498,0.3220667541027069,1.1697198152542114,-2.4337244033813477,0.9360880851745605,1.2786349058151245,-2.2367019653320312,0.3926649689674377,0.9130958318710327,-3.7586684226989746,0.9329887628555298,1.3230119943618774,-2.3814251422882080,0.4017739295959473,0.8479683399200439,-4.0450730323791504,0.9183114171028137,1.2851363420486450,-2.4450886249542236,0.4398630559444427,0.7658281922340393,-3.9858481884002686,0.8968188166618347,1.2774806022644043,-2.2742619514465332,0.4417036175727844,0.7974173426628113,-3.7807819843292236,0.9326909184455872,1.5346826314926147,-0.0643661543726921,0.5526601672172546,1.5281014442443848,0.0748763307929039,0.8966515660285950,2.2970917224884033,0.1970267444849014,0.5654517412185669,2.3174452781677246,0.4653692841529846,0.8744744062423706,2.9215207099914551,2.0017857551574707,0.5528216361999512,2.9199650287628174,1.9707216024398804,0.8802593946456909,3.0038723945617676,2.1856656074523926,0.5676442980766296,3.0079729557037354,2.1087276935577393,0.7719675302505493,3.2210159301757812,1.6617177724838257,0.5384636521339417,3.1907119750976562,1.5045948028564453
0.6983064413070679,0.2620214223861694,-2.3707447052001953,0.7491350769996643,0.1557311862707138,-2.3241066932678223,0.7830154895782471,0.1479133963584900,-2.3244893550872803,0.8084604144096375,0.1404601633548737,-2.3243088722229004,0.6504525542259216,0.1732971221208572,-2.2936246395111084,0.6244326829910278,0.1766161024570465,-2.2946908473968506,0.6025277376174927,0.1791170537471771,-2.2950024604797363,0.8563303947448730,0.1548029035329819,-1.8054513931274414,0.5672352313995361,0.1981580108404160,-1.6686445474624634,0.7668296694755554,0.3522941172122955,-2.1530611515045166,0.6553571224212646,0.3603166341781616,-2.1165721416473389,1.0508387088775635,0.5878576040267944,-1.4802185297012329,0.4877302646636963,0.5640795826911926,-1.1126050949096680,1.0103484392166138,1.1722393035888672,-1.9933280944824219,0.3218910992145538,1.1970751285552979,-1.8886210918426514,0.7036939263343811,1.1066462993621826,-2.3862576484680176,0.3759312331676483,0.9118003249168396,-3.1020808219909668,0.6071370840072632,1.1130032539367676,-2.5570991039276123,0.3881208896636963,0.8267135024070740,-3.3597207069396973,0.6033437252044678,1.0393757820129395,-2.5278775691986084,0.4297305643558502,0.7503577470779419,-3.2728419303894043,0.6191130876541138,1.0610966682434082,-2.3928501605987549,0.4301984310150146,0.7851616144180298,-3.1093957424163818,0.9304350614547729,1.5706821680068970,-0.0995753258466721,0.5497433543205261,1.5559384822845459,0.1114653125405312,0.8730806112289429,2.3835997581481934,-0.3263512551784515,0.5306676626205444,2.3484609127044678,-0.0065478263422847,0.8735977411270142,3.0800426006317139,0.9352610707283020,0.5392855405807495,3.0337293148040771,1.0923631191253662,0.8778201937675476,3.1762268543243408,1.0626306533813477,0.5549086332321167,3.1300442218780518,1.1900216341018677,0.7447167634963989,3.3371763229370117,0.4851183295249939,0.5135543942451477,3.2841172218322754,0.5986584424972534
0.6929523348808289,0.2603906095027924,-2.6774785518646240,0.7421873807907104,0.1554711014032364,-2.6102321147918701,0.7787965536117554,0.1478930264711380,-2.6102800369262695,0.8061655759811401,0.1405272185802460,-2.6098668575286865,0.6475863456726074,0.1717986166477203,-2.6078491210937500,0.6228643655776978,0.1753499954938889,-2.6091268062591553,0.6007816791534424,0.1782445013523102,-2.6095366477966309,0.8487221598625183,0.1549730151891708,-1.9833338260650635,0.5607745647430420,0.1980123072862625,-1.9629055261611938,0.7624779939651489,0.3521905839443207,-2.4185223579406738,0.6519221663475037,0.3577611744403839,-2.4158537387847900,1.0073115825653076,0.5662689805030823,-1.4844048023223877,0.4441606402397156,0.5649145245552063,-1.3757137060165405,1.0408713817596436,1.0816639661788940,-1.7820972204208374,0.2804167270660400,1.2346142530441284,-2.1815750598907471,0.7718828916549683,0.9352271556854248,-2.2936170101165771,0.3462205529212952,0.9234705567359924,-3.3625807762145996,0.6994732022285461,0.9243962764739990,-2.4420838356018066,0.3550891280174255,0.8391344547271729,-3.6136755943298340,0.6936432123184204,0.8646777868270874,-2.4261982440948486,0.4028659760951996,0.7605365514755249,-3.5371425151824951,0.6987136602401733,0.8883275985717773,-2.3075714111328125,0.4040806889533997,0.7901991605758667,-3.3709437847137451,0.9148417711257935,1.5708826780319214,-0.0718351975083351,0.5119422078132629,1.5699725151062012,0.0845528393983841,0.8654400706291199,2.3869192600250244,-0.2268628329038620,0.5064669251441956,2.4057397842407227,0.0822816267609596,0.8573611378669739,3.0797510147094727,1.2200038433074951,0.5039421916007996,3.0788662433624268,1.1896092891693115,0.8635187149047852,3.1726584434509277,1.3697105646133423,0.5132648348808289,3.1651928424835205,1.2891243696212769,0.7435491085052490,3.3464200496673584,0.7925934791564941,0.5049341320991516,3.3491363525390625,0.6621454954147339
0.6935068368911743,0.2657970488071442,-3.5426363945007324,0.7466443777084351,0.1572754234075546,-3.4961407184600830,0.7801660895347595,0.1505696475505829,-3.4969151020050049,0.8067704439163208,0.1442472934722900,-3.4967257976531982,0.6476325988769531,0.1718646436929703,-3.4861385822296143,0.6219094991683960,0.1752292960882187,-3.4876568317413330,0.5988489985466003,0.1775431185960770,-3.4884338378906250,0.8538789749145508,0.1588177829980850,-2.8520178794860840,0.5607331991195679,0.1926729083061218,-2.7963624000549316,0.7620830535888672,0.3585874438285828,-3.2610287666320801,0.6507422327995300,0.3617066740989685,-3.2484760284423828,1.0491396188735962,0.5661808848381042,-2.2471601963043213,0.4232032895088196,0.5582357048988342,-2.0909802913665771,1.0392321348190308,1.0972425937652588,-2.5061204433441162,0.2758314609527588,1.1175016164779663,-2.8829479217529297,0.7631613016128540,0.9272934794425964,-3.0353665351867676,0.3510989844799042,0.9211900234222412,-3.9987399578094482,0.6948930025100708,0.9093789458274841,-3.2159247398376465,0.3591097891330719,0.8229523897171021,-4.2559332847595215,0.6882651448249817,0.8402987122535706,-3.1966452598571777,0.4059816002845764,0.7375133037567139,-4.1836018562316895,0.6936939954757690,0.8569353818893433,-3.0480532646179199,0.4085620045661926,0.7771915793418884,-4.0022807121276855,0.9117234349250793,1.5246969461441040,-0.0644390881061554,0.5050587654113770,1.5200253725051880,0.0766870528459549,0.8679356575012207,2.3185856342315674,-0.0880501046776772,0.5033020377159119,2.3792419433593750,0.2045278102159500,0.8565352559089661,2.9453659057617188,1.6245410442352295,0.4898118376731873,3.0553896427154541,1.5478069782257080,0.8606883287429810,3.0256228446960449,1.7994810342788696,0.4982945024967194,3.1223433017730713,1.6710450649261475,0.7437418699264526,3.2190234661102295,1.2256567478179932,0.4926163256168365,3.3223121166229248,1.0102242231369019
0.6934467554092407,0.2653952538967133,-2.7513175010681152,0.7465161085128784,0.1529652327299118,-2.6811611652374268,0.7804254889488220,0.1443689465522766,-2.6806578636169434,0.8075526952743530,0.1365532279014587,-2.6799945831298828,0.6462529897689819,0.1689819246530533,-2.6694839000701904,0.6212918758392334,0.1714713722467422,-2.6705784797668457,0.5987397432327271,0.1733956485986710,-2.6705403327941895,0.8536227345466614,0.1406328529119492,-2.0710399150848389,0.5609202980995178,0.1844508498907089,-2.0173330307006836,0.7623072862625122,0.3540390133857727,-2.5058193206787109,0.6506804823875427,0.3606501817703247,-2.4929213523864746,1.0273877382278442,0.5540783405303955,-1.6252113580703735,0.4560821950435638,0.5429612994194031,-1.4725382328033447,1.0568195581436157,1.1590142250061035,-1.7360795736312866,0.3073819875717163,1.0287145376205444,-2.4815561771392822,0.9261897206306458,1.2060697078704834,-2.2312405109405518,0.3537029027938843,0.9057024717330933,-3.6881968975067139,0.9189861416816711,1.2458978891372681,-2.3647787570953369,0.3642098307609558,0.8171796798706055,-3.9698517322540283,0.8930085897445679,1.2202047109603882,-2.4176602363586426,0.4074734151363373,0.7337862849235535,-3.8993434906005859,0.8732315301895142,1.2146683931350708,-2.2741215229034424,0.4170625209808350,0.7697107791900635,-3.7082703113555908,0.9413245320320129,1.5266225337982178,-0.0507621765136719,0.5290841460227966,1.5202006101608276,0.0639114677906036,0.8950155973434448,2.3642001152038574,-0.1141038388013840,0.5415741801261902,2.3793559074401855,0.0616957545280457,0.9063249826431274,3.0744400024414062,1.0253746509552002,0.5576753020286560,3.0472190380096436,0.9997403025627136,0.9226958155632019,3.1761407852172852,1.1418001651763916,0.5695842504501343,3.1285684108734131,1.0858389139175415,0.7930130362510681,3.3453505039215088,0.5383951067924500,0.5677348375320435,3.3166868686676025,0.4655745923519135
0.6880694627761841,0.2560900747776031,-2.7596337795257568,0.7361043691635132,0.1517476439476013,-2.6911807060241699,0.7705181837081909,0.1437425762414932,-2.6907391548156738,0.7990230917930603,0.1363132596015930,-2.6900842189788818,0.6442128419876099,0.1674072146415710,-2.6791639328002930,0.6203241944313049,0.1702886223793030,-2.6803619861602783,0.5984013080596924,0.1723985224962234,-2.6804647445678711,0.8412358164787292,0.1409085094928741,-2.0870652198791504,0.5603976845741272,0.1850285083055496,-2.0255174636840820,0.7571250796318054,0.3459269702434540,-2.5140266418457031,0.6500601172447205,0.3549658060073853,-2.4989116191864014,1.0371762514114380,0.5887916684150696,-1.6201070547103882,0.4551532268524170,0.5793523192405701,-1.4716665744781494,1.0651948451995850,1.2018002271652222,-1.7427469491958618,0.3045007586479187,1.2386757135391235,-2.4363417625427246,0.9198244214057922,1.2225567102432251,-2.2148261070251465,0.3878020644187927,0.9189808964729309,-3.7327628135681152,0.9054781794548035,1.2470644712448120,-2.3484833240509033,0.3675031065940857,0.7957296371459961,-4.0147542953491211,0.8822905421257019,1.2197763919830322,-2.3737914562225342,0.4299515783786774,0.7370036840438843,-3.9282085895538330,0.8633626699447632,1.2216824293136597,-2.2448167800903320,0.4454753994941711,0.7709338665008545,-3.7477805614471436,0.9405000805854797,1.5319970846176147,-0.0437503382563591,0.5293800234794617,1.5310571193695068,0.0569217093288898,0.8951627612113953,2.3750305175781250,0.0178398620337248,0.5446736216545105,2.3973326683044434,0.2264795750379562,0.9023631215095520,3.0769975185394287,1.2484683990478516,0.5547627210617065,3.0442099571228027,1.2066193819046021,0.9180825948715210,3.1753921508789062,1.3712037801742554,0.5644879937171936,3.1244823932647705,1.2945439815521240,0.7978070974349976,3.3366332054138184,0.7739014625549316,0.5779859423637390,3.3087308406829834,0.6876341700553894
0.6848776340484619,0.2555371224880219,-2.5129106044769287,0.7362746596336365,0.1457825750112534,-2.4447302818298340,0.7709850072860718,0.1361730545759201,-2.4450240135192871,0.7991109490394592,0.1272040605545044,-2.4446134567260742,0.6454073190689087,0.1647275984287262,-2.4339034557342529,0.6213897466659546,0.1683326512575150,-2.4350347518920898,0.6006286740303040,0.1704539209604263,-2.4352097511291504,0.8405970335006714,0.1366829425096512,-1.8687479496002197,0.5658456087112427,0.1870393604040146,-1.8113228082656860,0.7486283183097839,0.3413093984127045,-2.2802791595458984,0.6499950885772705,0.3516410589218140,-2.2674441337585449,1.0050615072250366,0.6053140759468079,-1.4591419696807861,0.4076343476772308,0.5803615450859070,-1.3267097473144531,1.0635979175567627,1.2136751413345337,-1.9756027460098267,0.2928384542465210,1.2618442773818970,-2.1536333560943604,0.7869745492935181,0.9648549556732178,-2.7853970527648926,0.4421573579311371,0.9078441858291626,-3.2276446819305420,0.7152012586593628,0.9034299850463867,-3.0002930164337158,0.4833220839500427,0.7852495908737183,-3.4553837776184082,0.6751005649566650,0.8138913512229919,-2.9011678695678711,0.5085173845291138,0.7207967042922974,-3.3496925830841064,0.7073692083358765,0.8572181463241577,-2.7769193649291992,0.5061855316162109,0.7590501308441162,-3.2164173126220703,0.8905164003372192,1.5506626367568970,-0.0563346743583679,0.4955397248268127,1.5351170301437378,0.0696280747652054,0.8495798110961914,2.3715834617614746,-0.5192933082580566,0.5008436441421509,2.3958306312561035,-0.0597043149173260,0.8334498405456543,3.0678977966308594,0.8512174487113953,0.4877610206604004,3.0487556457519531,1.0805513858795166,0.8460532426834106,3.1679763793945312,0.9896968007087708,0.4947083890438080,3.1463115215301514,1.1812688112258911,0.7346775531768799,3.3335778713226318,0.4157766401767731,0.4712190032005310,3.3040623664855957,0.5590053796768188
0.6787327527999878,0.2605929076671600,-2.0408141613006592,0.7352046966552734,0.1517554372549057,-1.9687896966934204,0.7686325311660767,0.1438321173191071,-1.9692342281341553,0.7940166592597961,0.1370251029729843,-1.9691407680511475,0.6483031511306763,0.1652219891548157,-1.9714294672012329,0.6259070038795471,0.1682120263576508,-1.9721711874008179,0.6039305925369263,0.1698239445686340,-1.9722919464111328,0.8213736414909363,0.1517931818962097,-1.3865454196929932,0.5749686956405640,0.1867243498563766,-1.3974751234054565,0.7361283898353577,0.3413234055042267,-1.8063234090805054,0.6495802998542786,0.3515639305114746,-1.8131624460220337,0.9370076060295105,0.5996086597442627,-0.9860850572586060,0.4037331640720367,0.5742306113243103,-0.9562349319458008,1.0215333700180054,1.2090536355972290,-1.4514799118041992,0.2857364714145660,1.2375035285949707,-1.6326786279678345,0.6866673231124878,0.9469379782676697,-2.2463409900665283,0.4729751944541931,0.8962386846542358,-2.6274750232696533,0.6690101623535156,0.8858315944671631,-2.4531128406524658,0.5333485603332520,0.7883654832839966,-2.8470149040222168,0.6561774015426636,0.8115068674087524,-2.3836154937744141,0.5416461229324341,0.7135722637176514,-2.7662076950073242,0.6667802333831787,0.8477030992507935,-2.2489697933197021,0.5356358289718628,0.7554142475128174,-2.6221332550048828,0.8543421030044556,1.5814926624298096,-0.0474061071872711,0.4828325808048248,1.5553020238876343,0.0600773468613625,0.8327494859695435,2.2943375110626221,-0.5895880460739136,0.4891479611396790,2.3649704456329346,-0.2902949750423431,0.8169730305671692,3.0632243156433105,0.6109195351600647,0.4782972335815430,3.0894007682800293,0.5915827751159668,0.8286992311477661,3.1628985404968262,0.7343930006027222,0.4850024580955505,3.2090559005737305,0.6670402884483337,0.7321676015853882,3.2964882850646973,0.2157359868288040,0.4583562910556793,3.3143396377563477,0.0364505983889103
0.6966283321380615,0.2522809207439423,-2.5343070030212402,0.7496594786643982,0.1436034888029099,-2.4649884700775146,0.7784115076065063,0.1381685882806778,-2.4653811454772949,0.8033701181411743,0.1331810802221298,-2.4650733470916748,0.6615731716156006,0.1543229222297668,-2.4668447971343994,0.6324375867843628,0.1555015444755554,-2.4680168628692627,0.6066550016403198,0.1559510082006454,-2.4684071540832520,0.8406500816345215,0.1517305672168732,-1.8720706701278687,0.5750241875648499,0.1785979121923447,-1.8607785701751709,0.7478519082069397,0.3316889405250549,-2.2886269092559814,0.6579630374908447,0.3371504247188568,-2.2891523838043213,0.9449758529663086,0.5729345083236694,-1.4100449085235596,0.4180985987186432,0.6044684052467346,-1.3671851158142090,1.0495291948318481,1.1522879600524902,-1.8721802234649658,0.3189334869384766,1.3187460899353027,-2.1546719074249268,0.7062809467315674,0.8561548590660095,-2.5704720020294189,0.5014873743057251,0.9239060282707214,-2.9559359550476074,0.6894551515579224,0.7948447465896606,-2.7502918243408203,0.5461956858634949,0.8112508654594421,-2.8626799583435059,0.6714514493942261,0.7198384404182434,-2.6620345115661621,0.5584053397178650,0.7154649496078491,-3.0411429405212402,0.6779166460037231,0.7713963985443115,-2.5620770454406738,0.5549002885818481,0.7612640857696533,-2.8453173637390137,0.9226044416427612,1.5704785585403442,-0.0427919737994671,0.5146144032478333,1.5606753826141357,0.0556670241057873,0.9086924791336060,2.3405189514160156,-0.3533198833465576,0.5215941667556763,2.4229001998901367,-0.1993324458599091,0.8977640271186829,3.0334820747375488,1.1674107313156128,0.5089720487594604,3.1170942783355713,0.8167726397514343,0.9081403017044067,3.1198573112487793,1.3230394124984741,0.5106919407844543,3.2146630287170410,0.9044640660285950,0.8189962506294250,3.2802588939666748,0.8118551969528198,0.5254575610160828,3.3802316188812256,0.2795590460300446
0.7105976343154907,0.2521091103553772,-2.4351038932800293,0.7604383826255798,0.1434729099273682,-2.3604085445404053,0.7914839386940002,0.1374434679746628,-2.3606934547424316,0.8170825839042664,0.1312614381313324,-2.3606312274932861,0.6644450426101685,0.1545181125402451,-2.3631656169891357,0.6350242495536804,0.1556189954280853,-2.3642203807830811,0.6103459596633911,0.1560070812702179,-2.3645091056823730,0.8566378355026245,0.1430218070745468,-1.7529017925262451,0.5794132351875305,0.1783363521099091,-1.7597320079803467,0.7725169062614441,0.3298974335193634,-2.1881527900695801,0.6698421835899353,0.3373331129550934,-2.1932315826416016,0.9578462839126587,0.5321029424667358,-1.2953321933746338,0.4351764619350433,0.5956954360008240,-1.2835624217987061,1.0439009666442871,1.0548154115676880,-1.5608599185943604,0.3342655599117279,1.2662565708160400,-1.9055936336517334,0.7354170680046082,0.8244044184684753,-2.0869596004486084,0.5197061300277710,0.9199002385139465,-2.7711338996887207,0.6973800063133240,0.7805858254432678,-2.2298324108123779,0.5627740621566772,0.8316373229026794,-2.9615435600280762,0.6919274926185608,0.7187719941139221,-2.2029414176940918,0.5878911614418030,0.7329692840576172,-2.8923687934875488,0.6955159902572632,0.7494682669639587,-2.0958395004272461,0.5826433897018433,0.7597497105598450,-2.7592003345489502,0.9220001101493835,1.5257829427719116,-0.0345774218440056,0.5318865776062012,1.5231083631515503,0.0466343127191067,0.9014999270439148,2.2298884391784668,-0.5087617039680481,0.5302196145057678,2.2987844944000244,-0.3175166547298431,0.8930241465568542,2.9080615043640137,0.7807657122612000,0.5139975547790527,3.0289735794067383,0.5565916299819946,0.8960482478141785,2.9986605644226074,0.9189491271972656,0.5186485648155212,3.1356024742126465,0.6331161260604858,0.8074831962585449,3.1605250835418701,0.4468729496002197,0.5240107774734497,3.2804095745086670,0.0165883786976337
0.7110131978988647,0.2472706139087677,-2.1497266292572021,0.7609731554985046,0.1402373313903809,-2.0738198757171631,0.7926770448684692,0.1333988010883331,-2.0739762783050537,0.8186784982681274,0.1258168518543243,-2.0736598968505859,0.6643002033233643,0.1528530120849609,-2.0732531547546387,0.6352341175079346,0.1540337651968002,-2.0741207599639893,0.6116079092025757,0.1550409048795700,-2.0743558406829834,0.8586305379867554,0.1328699588775635,-1.4823046922683716,0.5834527611732483,0.1719213128089905,-1.4710973501205444,0.7764035463333130,0.3205216228961945,-1.9102420806884766,0.6715344190597534,0.3350227773189545,-1.9097503423690796,0.9645417928695679,0.4926488697528839,-1.0838372707366943,0.4543255865573883,0.5685233473777771,-1.0577051639556885,1.0471676588058472,1.0089730024337769,-1.4630990028381348,0.3612313866615295,1.1841833591461182,-1.6961219310760498,0.7458988428115845,0.8411381840705872,-2.1188132762908936,0.5125178098678589,0.9163116812705994,-2.6322073936462402,0.6871984004974365,0.8088999986648560,-2.2853381633758545,0.5536891818046570,0.8574681878089905,-2.8504910469055176,0.6800018548965454,0.7457937002182007,-2.2520351409912109,0.5784462094306946,0.7340118288993835,-2.7896192073822021,0.6972200274467468,0.7487322688102722,-2.1288716793060303,0.5740942955017090,0.7630529999732971,-2.6358239650726318,0.9220271110534668,1.4785073995590210,-0.0340689346194267,0.5447535514831543,1.4823273420333862,0.0459749177098274,0.9058067202568054,2.1470201015472412,-0.5776948928833008,0.5512979626655579,2.2118346691131592,-0.3707509636878967,0.9040033221244812,2.8443942070007324,0.5913714170455933,0.5617896318435669,2.9668972492218018,0.3643316030502319,0.9136446118354797,2.9378132820129395,0.7171841859817505,0.5729813575744629,3.0768046379089355,0.4288162589073181,0.8285300135612488,3.0882756710052490,0.2324491739273071,0.5599797368049622,3.2035298347473145,-0.1767694503068924
0.7073702812194824,0.2472178190946579,-2.2584199905395508,0.7601188421249390,0.1389367580413818,-2.1743102073669434,0.7925522327423096,0.1307948380708694,-2.1739296913146973,0.8193894624710083,0.1227146759629250,-2.1728713512420654,0.6565126776695251,0.1531757563352585,-2.1842322349548340,0.6299282908439636,0.1545256227254868,-2.1852087974548340,0.6084447503089905,0.1554359793663025,-2.1854538917541504,0.8619996309280396,0.1274855583906174,-1.6312679052352905,0.5824022889137268,0.1712637543678284,-1.5777677297592163,0.7762722373008728,0.3200314640998840,-2.0079388618469238,0.6701207160949707,0.3356813788414001,-2.0169346332550049,1.0387475490570068,0.5003971457481384,-1.3378980159759521,0.4733217358589172,0.5515168309211731,-1.0621544122695923,1.0589320659637451,1.0115123987197876,-1.9368848800659180,0.3758625388145447,0.9881259799003601,-1.8059654235839844,0.7436083555221558,0.8427686691284180,-2.6272723674774170,0.5416418910026550,0.8955909609794617,-2.7086646556854248,0.6677506566047668,0.7930167913436890,-2.8390674591064453,0.5588469505310059,0.8559346795082092,-2.9197189807891846,0.6706935167312622,0.7389365434646606,-2.7686176300048828,0.5757595896720886,0.7447545528411865,-2.8628456592559814,0.6789209842681885,0.7428376078605652,-2.6220922470092773,0.5980468988418579,0.7624553442001343,-2.7104327678680420,0.9378503561019897,1.4488669633865356,-0.0635935366153717,0.5899444818496704,1.4308055639266968,0.0732566267251968,0.8985867500305176,1.9269778728485107,-0.7259935736656189,0.5672240853309631,1.8441946506500244,-0.5358009338378906,0.8523615002632141,2.5260276794433594,0.4103790223598480,0.5721273422241211,2.4533569812774658,0.3113372325897217,0.8609510660171509,2.6010062694549561,0.5335063934326172,0.5935559272766113,2.5544633865356445,0.3892614543437958,0.7394477128982544,2.7629568576812744,0.0505633950233459,0.5483285188674927,2.6510632038116455,-0.1837835013866425
0.7070769667625427,0.2475071996450424,-2.3031253814697266,0.7593463659286499,0.1392683833837509,-2.2243962287902832,0.7924818992614746,0.1310895085334778,-2.2238478660583496,0.8196984529495239,0.1233731657266617,-2.2224488258361816,0.6570075750350952,0.1542185246944427,-2.2061541080474854,0.6314886808395386,0.1556593030691147,-2.2074532508850098,0.6100093126296997,0.1564415395259857,-2.2077479362487793,0.8618639707565308,0.1278804689645767,-1.6555179357528687,0.5825982093811035,0.1711892783641815,-1.6059621572494507,0.7762907147407532,0.3221327066421509,-2.0607190132141113,0.6711040735244751,0.3414387106895447,-2.0354335308074951,1.0426063537597656,0.5040971636772156,-1.3122068643569946,0.4801440834999084,0.5619319081306458,-1.1173175573348999,1.0778075456619263,0.9717274904251099,-1.8469537496566772,0.4182613492012024,1.1438651084899902,-1.8251860141754150,0.8325346112251282,0.6967314481735229,-2.5405535697937012,0.5352644920349121,0.9003711938858032,-2.9394354820251465,0.7728041410446167,0.6350107789039612,-2.7313952445983887,0.5565325021743774,0.8550126552581787,-3.1712052822113037,0.7749630808830261,0.5685781836509705,-2.6887331008911133,0.5711696743965149,0.7515115141868591,-3.1211512088775635,0.7760579586029053,0.6046122908592224,-2.5495262145996094,0.5925419330596924,0.7633088231086731,-2.9524855613708496,0.9623831510543823,1.4512230157852173,-0.0632658228278160,0.5988445281982422,1.4427963495254517,0.0736309587955475,0.9360175132751465,2.1028168201446533,-0.7027121186256409,0.6138523817062378,2.0713381767272949,-0.3027323782444000,0.9241713285446167,2.8036186695098877,0.5518377423286438,0.6301540136337280,2.7293150424957275,0.5270824432373047,0.9330331087112427,2.8985624313354492,0.6822341680526733,0.6448937654495239,2.8184902667999268,0.5967514514923096,0.8394409418106079,3.0622222423553467,0.1731085926294327,0.6313154697418213,2.9823539257049561,-0.0166502483189106
0.7045351862907410,0.2476328313350677,-2.2509284019470215,0.7582087516784668,0.1392937302589417,-2.1870267391204834,0.7924431562423706,0.1310946792364120,-2.1870803833007812,0.8197382688522339,0.1234557926654816,-2.1863682270050049,0.6557551026344299,0.1543884575366974,-2.1685976982116699,0.6308279037475586,0.1558488011360168,-2.1696724891662598,0.6096898913383484,0.1566055715084076,-2.1701111793518066,0.8617933988571167,0.1287918388843536,-1.6392740011215210,0.5816505551338196,0.1713950484991074,-1.5566477775573730,0.7750109434127808,0.3227049410343170,-2.0274181365966797,0.6694875955581665,0.3415407836437225,-2.0038344860076904,1.0401442050933838,0.5059907436370850,-1.2600955963134766,0.4802787899971008,0.5483516454696655,-1.0667452812194824,1.0677098035812378,0.9686176180839539,-1.6503832340240479,0.4042136073112488,1.0479435920715332,-1.6754477024078369,0.8312097787857056,0.6891726255416870,-2.3002867698669434,0.5323743820190430,0.8909662365913391,-2.7224297523498535,0.7732028961181641,0.6261875629425049,-2.4673104286193848,0.5574816465377808,0.8544548153877258,-2.9368071556091309,0.7785834074020386,0.5598827600479126,-2.4393119812011719,0.5768877267837524,0.7477677464485168,-2.8773503303527832,0.7792119383811951,0.5975503921508789,-2.3137669563293457,0.5898944139480591,0.7639760375022888,-2.7302031517028809,0.9611709713935852,1.4446032047271729,-0.0675981640815735,0.5946683287620544,1.4365473985671997,0.0784159451723099,0.9119251370429993,2.1524765491485596,-0.6050186157226562,0.5929480791091919,2.0847153663635254,-0.2316551208496094,0.8834900856018066,2.8295183181762695,0.5718705058097839,0.5985039472579956,2.7537531852722168,0.5342764258384705,0.8938973546028137,2.9176859855651855,0.6931968927383423,0.6093996167182922,2.8575274944305420,0.5987699627876282,0.7873295545578003,3.0846838951110840,0.1852199584245682,0.5930958986282349,2.9915070533752441,0.0333904400467873
0.6964367032051086,0.2476615011692047,-2.1155173778533936,0.7470359802246094,0.1408745795488358,-2.0608050823211670,0.7833008766174316,0.1327128261327744,-2.0610947608947754,0.8106444478034973,0.1252273470163345,-2.0608062744140625,0.6489709615707397,0.1562586575746536,-2.0418543815612793,0.6260135769844055,0.1580439656972885,-2.0428915023803711,0.6060017943382263,0.1590949445962906,-2.0432479381561279,0.8519493937492371,0.1305284202098846,-1.5498573780059814,0.5786814689636230,0.1726341843605042,-1.4617865085601807,0.7707606554031372,0.3228145539760590,-1.9039186239242554,0.6654689908027649,0.3417483568191528,-1.8808349370956421,0.9932386279106140,0.4948134124279022,-1.2130175828933716,0.4880136847496033,0.5700744986534119,-1.0127670764923096,1.0561503171920776,0.9497548341751099,-1.6037147045135498,0.4263840317726135,1.0215502977371216,-1.6247392892837524,0.8024908304214478,0.7104322910308838,-2.1842160224914551,0.5309475660324097,0.8994987010955811,-2.5639908313751221,0.7319313287734985,0.6534517407417297,-2.3424768447875977,0.5577424168586731,0.8687310814857483,-2.7671344280242920,0.7341900467872620,0.5897398591041565,-2.3002283573150635,0.5808938741683960,0.7551141977310181,-2.7109503746032715,0.7437997460365295,0.6219567656517029,-2.1887371540069580,0.5888036489486694,0.7644212841987610,-2.5716159343719482,0.9533125758171082,1.4324692487716675,-0.0669735893607140,0.5921414494514465,1.4360080957412720,0.0778586417436600,0.9111467599868774,2.1526186466217041,-0.4308129251003265,0.5929526686668396,2.1009149551391602,-0.2084623128175735,0.8932399749755859,2.8238356113433838,0.5581424236297607,0.6075851321220398,2.7791051864624023,0.5373007059097290,0.9054831266403198,2.9123129844665527,0.6634445786476135,0.6179604530334473,2.8754439353942871,0.5999944806098938,0.8064026832580566,3.0720741748809814,0.1605960428714752,0.6099730730056763,3.0167169570922852,0.0644913315773010
0.6958636045455933,0.2224108278751373,-2.1244692802429199,0.7520123124122620,0.1112903058528900,-2.0559782981872559,0.7876809835433960,0.1032984405755997,-2.0562455654144287,0.8150070309638977,0.0973261296749115,-2.0558991432189941,0.6469256877899170,0.1384727805852890,-2.0361845493316650,0.6223732829093933,0.1435102522373199,-2.0371081829071045,0.6018667221069336,0.1468148380517960,-2.0373063087463379,0.8550017476081848,0.1153345406055450,-1.5073392391204834,0.5749433636665344,0.1685492694377899,-1.4183375835418701,0.7708657383918762,0.2977819144725800,-1.9036867618560791,0.6613927483558655,0.3236065804958344,-1.8809521198272705,0.9939655065536499,0.4954098761081696,-1.1566064357757568,0.4888822138309479,0.5642973184585571,-0.9799960255622864,1.0467580556869507,0.9566726684570312,-1.6033992767333984,0.4252869188785553,1.0136094093322754,-1.5795005559921265,0.7919057607650757,0.7189751863479614,-2.2885289192199707,0.5290835499763489,0.9022544622421265,-2.6031336784362793,0.7221839427947998,0.6664431691169739,-2.4899213314056396,0.5511041879653931,0.8780420422554016,-2.8222670555114746,0.7208899855613708,0.6016482710838318,-2.4351038932800293,0.5606549978256226,0.7673997879028320,-2.7699198722839355,0.7304241657257080,0.6254421472549438,-2.2926452159881592,0.5850864648818970,0.7694839835166931,-2.6128823757171631,0.9484928250312805,1.4301390647888184,-0.0665570348501205,0.5905562639236450,1.4324777126312256,0.0774745643138885,0.9100102186203003,2.1361479759216309,-0.4588731825351715,0.5931305289268494,2.1138737201690674,-0.2239282578229904,0.8944872021675110,2.7822580337524414,0.6419889330863953,0.6059120893478394,2.7827298641204834,0.6075724363327026,0.9054533243179321,2.8751161098480225,0.7595024108886719,0.6178182959556580,2.8795754909515381,0.6813024878501892,0.8120424151420593,3.0240519046783447,0.2818914055824280,0.6039380431175232,3.0199944972991943,0.1352937370538712
0.6823059320449829,0.2344535291194916,-1.6334104537963867,0.7350734472274780,0.1277631670236588,-1.5834900140762329,0.7732104063034058,0.1179241687059402,-1.5839571952819824,0.8036664724349976,0.1095201522111893,-1.5837767124176025,0.6402657628059387,0.1525260359048843,-1.5523879528045654,0.6184437870979309,0.1565960347652435,-1.5529233217239380,0.5990718603134155,0.1593288630247116,-1.5531479120254517,0.8416064381599426,0.1273839771747589,-1.1290756464004517,0.5748620033264160,0.1771597862243652,-0.9879922866821289,0.7569459676742554,0.3052035272121429,-1.4464520215988159,0.6563254594802856,0.3279689550399780,-1.4085930585861206,0.9756501317024231,0.5012775659561157,-0.9080160856246948,0.5240508317947388,0.5612112879753113,-0.6199765801429749,1.0442914962768555,1.0015273094177246,-1.4154971837997437,0.4515456557273865,0.9652874469757080,-1.0956445932388306,0.7168312668800354,0.7954790592193604,-1.9602369070053101,0.5285996198654175,0.9021186828613281,-1.8286854028701782,0.6349009275436401,0.7375997304916382,-2.1274428367614746,0.5666888952255249,0.8787978291511536,-1.9918009042739868,0.6458041071891785,0.6712962388992310,-2.0407671928405762,0.5683068037033081,0.7687176465988159,-1.9403343200683594,0.6470435261726379,0.7154508829116821,-1.9462906122207642,0.5846216082572937,0.7701170444488525,-1.8342664241790771,0.9378746151924133,1.4411718845367432,-0.0700752660632133,0.5923249721527100,1.4351829290390015,0.0807343199849129,0.8847970962524414,2.1239326000213623,-0.4658182263374329,0.5889197587966919,2.1128556728363037,-0.2570971548557281,0.8578583002090454,2.7830207347869873,0.4304398596286774,0.5834584832191467,2.7878916263580322,0.3645123541355133,0.8675622940063477,2.8806264400482178,0.5272148847579956,0.5913165211677551,2.8930604457855225,0.4237702488899231,0.7774133682250977,3.0279948711395264,0.0934730395674706,0.5620089769363403,3.0239186286926270,-0.0651337802410126
0.6825900673866272,0.2394806891679764,-1.8645703792572021,0.7350667715072632,0.1377623975276947,-1.8012708425521851,0.7719990611076355,0.1302692592144012,-1.8015590906143188,0.8019245266914368,0.1240023821592331,-1.8012256622314453,0.6437653303146362,0.1588631421327591,-1.7874215841293335,0.6231461167335510,0.1635159701108932,-1.7881780862808228,0.6028804183006287,0.1675340384244919,-1.7883771657943726,0.8376548886299133,0.1470127999782562,-1.2776143550872803,0.5757477283477783,0.1912093460559845,-1.2066560983657837,0.7510880231857300,0.3101593255996704,-1.6528084278106689,0.6558924913406372,0.3284460604190826,-1.6365454196929932,0.9603212475776672,0.5017961263656616,-0.9467943906784058,0.4884348809719086,0.5611690282821655,-0.7342172861099243,1.0443158149719238,0.9740409255027771,-1.3490911722183228,0.3968899846076965,0.9880686402320862,-1.3428311347961426,0.7620043158531189,0.8461714386940002,-2.0757772922515869,0.4907991886138916,0.9136394858360291,-2.2196667194366455,0.6955199241638184,0.8470381498336792,-2.2606751918792725,0.5319782495498657,0.9551689624786377,-2.4197494983673096,0.6593040227890015,0.7428852319717407,-2.2048208713531494,0.5574934482574463,0.8158252239227295,-2.3678877353668213,0.6640534996986389,0.7467502355575562,-2.0831961631774902,0.5617716908454895,0.8118214011192322,-2.2328026294708252,0.8919736146926880,1.4324119091033936,-0.0269387271255255,0.5509870052337646,1.4268177747726440,0.0380813181400299,0.8541340827941895,2.0901436805725098,-0.4386432766914368,0.5470350980758667,2.0988407135009766,-0.3333453238010406,0.8357458114624023,2.7537534236907959,0.4847570359706879,0.5466616153717041,2.7691857814788818,0.3356714844703674,0.8418564796447754,2.8521871566772461,0.5865368247032166,0.5520915389060974,2.8679547309875488,0.3964237570762634,0.7680057287216187,2.9779307842254639,0.1148525923490524,0.5461326837539673,3.0004966259002686,-0.1411349326372147
0.6920205354690552,0.2359963357448578,-1.8708636760711670,0.7481430768966675,0.1354281455278397,-1.8462451696395874,0.7814477682113647,0.1288111954927444,-1.8468631505966187,0.8090341687202454,0.1230187118053436,-1.8462922573089600,0.6498476266860962,0.1521346718072891,-1.7968168258666992,0.6264702081680298,0.1554449945688248,-1.7978881597518921,0.6053606867790222,0.1584666222333908,-1.7987114191055298,0.8482875823974609,0.1452504992485046,-1.3208148479461670,0.5792702436447144,0.1865507811307907,-1.2484951019287109,0.7559474706649780,0.3082803189754486,-1.6945323944091797,0.6564370393753052,0.3209978640079498,-1.6533403396606445,0.9533162117004395,0.4954706728458405,-0.9911381602287292,0.4881301522254944,0.5597183108329773,-0.9052466154098511,0.9596797227859497,0.8561995625495911,-1.2065484523773193,0.4116047918796539,0.9564526677131653,-1.3766157627105713,0.7515054941177368,0.7996712327003479,-1.6126769781112671,0.5162451267242432,0.9119277596473694,-2.0512838363647461,0.6940239667892456,0.8117422461509705,-1.7502994537353516,0.5331658124923706,0.9432624578475952,-2.2291741371154785,0.6688868403434753,0.7328668832778931,-1.7333297729492188,0.5546535849571228,0.8133223652839661,-2.1906297206878662,0.6740127801895142,0.7399755716323853,-1.6241376399993896,0.5729379057884216,0.8090254664421082,-2.0604805946350098,0.8840225934982300,1.3800110816955566,-0.0202749632298946,0.5535704493522644,1.3891746997833252,0.0300105772912502,0.8541787862777710,1.9113589525222778,-0.3742799758911133,0.5579656362533569,1.9796732664108276,-0.2640478014945984,0.8305500745773315,2.5000178813934326,0.5714846849441528,0.5501357316970825,2.6221396923065186,0.3468748033046722,0.8292442560195923,2.5841765403747559,0.6814211606979370,0.5555854439735413,2.7247567176818848,0.4028879106044769,0.7698252201080322,2.7318203449249268,0.3646933436393738,0.5478273630142212,2.8413023948669434,-0.1092555075883865
0.6958971023559570,0.2361747324466705,-2.3327760696411133,0.7499117255210876,0.1356368213891983,-2.2608947753906250,0.7820631861686707,0.1289671063423157,-2.2613604068756104,0.8090479969978333,0.1230057850480080,-2.2615537643432617,0.6505106091499329,0.1521215885877609,-2.2610502243041992,0.6267336606979370,0.1553973704576492,-2.2618222236633301,0.6059416532516479,0.1583474278450012,-2.2619988918304443,0.8482559323310852,0.1383160948753357,-1.6811902523040771,0.5795022249221802,0.1848802715539932,-1.6775865554809570,0.7593373060226440,0.3082375824451447,-2.0939128398895264,0.6583584547042847,0.3225253522396088,-2.0939054489135742,0.9557294845581055,0.4879187643527985,-1.2726809978485107,0.4754751622676849,0.5496267080307007,-1.2573928833007812,1.0315177440643311,0.9204288125038147,-1.6629041433334351,0.3994598984718323,1.0318244695663452,-1.7976474761962891,0.7272328138351440,0.8593394160270691,-2.2430825233459473,0.5193354487419128,0.9018880128860474,-2.5153145790100098,0.6866821646690369,0.8410937786102295,-2.4226212501525879,0.5392381548881531,0.8937785029411316,-2.7028565406799316,0.6729827523231506,0.7558625340461731,-2.3700540065765381,0.5639213323593140,0.7743557095527649,-2.6549806594848633,0.6767182350158691,0.7580866217613220,-2.2411711215972900,0.5732582807540894,0.7732895612716675,-2.5146169662475586,0.8873000144958496,1.3265761137008667,-0.0217889938503504,0.5714096426963806,1.3379940986633301,0.0307525545358658,0.8803170919418335,1.7475043535232544,-0.6165097951889038,0.5920065641403198,1.8236833810806274,-0.5086418986320496,0.8453828692436218,2.3381133079528809,0.5697413086891174,0.5799890160560608,2.4711430072784424,0.2634612023830414,0.8400376439094543,2.4187457561492920,0.6810072064399719,0.5909639596939087,2.5779197216033936,0.3286650180816650,0.7972524166107178,2.5661461353302002,0.3021559119224548,0.5663549900054932,2.6704802513122559,-0.2282041013240814
0.6887081861495972,0.2336350977420807,-3.0307106971740723,0.7407848238945007,0.1328232288360596,-2.9884409904479980,0.7736739516258240,0.1260132342576981,-2.9892761707305908,0.8002832531929016,0.1202697306871414,-2.9896512031555176,0.6466509103775024,0.1505335271358490,-2.9735846519470215,0.6235885620117188,0.1541933864355087,-2.9749581813812256,0.6037334203720093,0.1573252975940704,-2.9754405021667480,0.8459298014640808,0.1365637481212616,-2.4552924633026123,0.5786872506141663,0.1819290667772293,-2.3888981342315674,0.7525796294212341,0.3099880516529083,-2.8017656803131104,0.6531766653060913,0.3228715956211090,-2.7856347560882568,0.9835615158081055,0.5390407443046570,-1.9984352588653564,0.4424570500850677,0.5802717804908752,-1.8023439645767212,1.0414595603942871,0.9697452187538147,-2.3629636764526367,0.3870309889316559,1.0699042081832886,-2.4209759235382080,0.8061485290527344,0.7613927125930786,-2.8221783638000488,0.5194295048713684,0.8803893923759460,-3.1822798252105713,0.7504588365554810,0.7128940820693970,-2.9837229251861572,0.5499855875968933,0.8723021149635315,-3.3544819355010986,0.7478106617927551,0.6456589102745056,-2.9294514656066895,0.5745896100997925,0.7866729497909546,-3.2917652130126953,0.7519187927246094,0.6684138774871826,-2.8187460899353027,0.5875777006149292,0.7659348249435425,-3.1766884326934814,0.8883778452873230,1.3345363140106201,-0.0387147329747677,0.5661999583244324,1.3373737335205078,0.0474451817572117,0.8991988897323608,1.8632960319519043,-0.5977098941802979,0.5913932919502258,1.8999844789505005,-0.3938612937927246,0.8715353012084961,2.4452166557312012,0.8230335116386414,0.5952631235122681,2.4938824176788330,0.7521338462829590,0.8666795492172241,2.5172121524810791,0.9600599408149719,0.6077055335044861,2.5814349651336670,0.8518912196159363,0.8118750452995300,2.6804916858673096,0.4702440798282623,0.5904678106307983,2.7162859439849854,0.2701389193534851
0.6886030435562134,0.2348494529724121,-2.2226567268371582,0.7407311797142029,0.1374115496873856,-2.1730260848999023,0.7714554071426392,0.1314673721790314,-2.1736776828765869,0.7963991761207581,0.1264070123434067,-2.1733796596527100,0.6481650471687317,0.1531615555286407,-2.1362993717193604,0.6251471638679504,0.1558248400688171,-2.1372592449188232,0.6055489778518677,0.1580147296190262,-2.1374931335449219,0.8405332565307617,0.1429857164621353,-1.6720168590545654,0.5872822999954224,0.1811037212610245,-1.5106796026229858,0.7504382133483887,0.3146802484989166,-2.0185580253601074,0.6533111333847046,0.3252811133861542,-1.9761068820953369,0.9840753674507141,0.5581487417221069,-1.3248245716094971,0.4465815424919128,0.5655298233032227,-0.9761689901351929,1.0520005226135254,1.0408254861831665,-2.2430293560028076,0.3880967199802399,1.0429272651672363,-1.6011968851089478,0.8233587145805359,0.7071149349212646,-2.4861886501312256,0.5413054227828979,0.8333896398544312,-2.6199996471405029,0.7618514895439148,0.6233128905296326,-2.6635620594024658,0.5846425294876099,0.7515304088592529,-2.7948193550109863,0.7626575231552124,0.5516815185546875,-2.5983850955963135,0.5893405079841614,0.6628473997116089,-2.7144556045532227,0.7667843699455261,0.5931347012519836,-2.4829185009002686,0.6022491455078125,0.6983629465103149,-2.6137223243713379,0.9031397700309753,1.4368767738342285,-0.0921486467123032,0.5664068460464478,1.4113383293151855,0.1034770160913467,0.8977435231208801,2.1350367069244385,-0.6002237796783447,0.5827584862709045,2.1034469604492188,-0.2292900085449219,0.8786848783493042,2.8185653686523438,0.5350530147552490,0.5947341918945312,2.7662508487701416,0.7030095458030701,0.8928414583206177,2.9119122028350830,0.6474472284317017,0.6060830354690552,2.8672468662261963,0.7840541601181030,0.7871818542480469,3.0640256404876709,0.1055763512849808,0.5690466165542603,2.9948654174804688,0.2132265269756317
0.6935284733772278,0.2346236705780029,-2.6125681400299072,0.7449823617935181,0.1355578005313873,-2.5441460609436035,0.7760856151580811,0.1291950494050980,-2.5449604988098145,0.8009028434753418,0.1231653392314911,-2.5453429222106934,0.6514552831649780,0.1507568210363388,-2.5346570014953613,0.6289421916007996,0.1535590589046478,-2.5356910228729248,0.6096698045730591,0.1560945063829422,-2.5359416007995605,0.8423714637756348,0.1390202492475510,-1.9465799331665039,0.5874866247177124,0.1806917935609818,-1.9010379314422607,0.7593023777008057,0.3133081495761871,-2.3652024269104004,0.6586023569107056,0.3241986334323883,-2.3554377555847168,0.9847484827041626,0.5402231812477112,-1.5173531770706177,0.4488086700439453,0.5652148127555847,-1.3686475753784180,1.0504683256149292,1.0314400196075439,-1.9605820178985596,0.3835752010345459,1.1378806829452515,-2.0364623069763184,0.7943987846374512,0.8342672586441040,-2.4991679191589355,0.5370565652847290,0.8773087263107300,-2.9489743709564209,0.7548061013221741,0.7096456885337830,-2.6754438877105713,0.5764776468276978,0.8324373960494995,-3.1566684246063232,0.7468496561050415,0.6604133844375610,-2.6361608505249023,0.5835208892822266,0.7386100888252258,-3.0930790901184082,0.7584894895553589,0.6840450167655945,-2.5033848285675049,0.6012635231018066,0.7483541965484619,-2.9468588829040527,0.9050569534301758,1.4291189908981323,-0.0855362936854362,0.5680495500564575,1.4181300401687622,0.0969476625323296,0.9225042462348938,1.9686197042465210,-0.7216027975082397,0.6028515100479126,2.0531270503997803,-0.5002288818359375,0.9241116642951965,2.6483383178710938,0.6472854614257812,0.6253824830055237,2.7343664169311523,0.6812136173248291,0.9327136278152466,2.7453651428222656,0.7886713743209839,0.6451100111007690,2.8420150279998779,0.7316480875015259,0.8527161478996277,2.9230456352233887,0.2598119378089905,0.5991621017456055,2.9664525985717773,0.0443966835737228
0.7046177983283997,0.2341969460248947,-2.3260884284973145,0.7563275098800659,0.1347430646419525,-2.2577869892120361,0.7853835821151733,0.1287371069192886,-2.2582895755767822,0.8088321685791016,0.1229421719908714,-2.2583303451538086,0.6602109074592590,0.1491643339395523,-2.2473163604736328,0.6333113908767700,0.1516488641500473,-2.2482392787933350,0.6123445034027100,0.1535518765449524,-2.2485146522521973,0.8516315221786499,0.1383739858865738,-1.6886568069458008,0.5890233516693115,0.1746764481067657,-1.6377168893814087,0.7714010477066040,0.3109579384326935,-2.0937352180480957,0.6659350991249084,0.3242433369159698,-2.0820755958557129,0.9900943040847778,0.5183277726173401,-1.2866804599761963,0.4806040823459625,0.5559893250465393,-1.1726861000061035,1.0522203445434570,1.0359448194503784,-1.7005879878997803,0.4088371396064758,1.1523544788360596,-1.9218747615814209,0.7315690517425537,0.8802201747894287,-2.2777867317199707,0.5534808039665222,0.8633276224136353,-2.8172235488891602,0.6780189275741577,0.7896158695220947,-2.4330763816833496,0.5878139734268188,0.7608304619789124,-3.0131447315216064,0.6701788306236267,0.7318562269210815,-2.3843197822570801,0.5999829769134521,0.6715029478073120,-2.9751543998718262,0.6820839047431946,0.7543132305145264,-2.2744922637939453,0.6132271885871887,0.7084874510765076,-2.8269000053405762,0.9394801855087280,1.4273401498794556,-0.0825100764632225,0.5884565114974976,1.4168717861175537,0.0934308990836143,0.9224869012832642,2.0540604591369629,-0.7933534383773804,0.5987585186958313,2.0777544975280762,-0.6297607421875000,0.9179275631904602,2.7059063911437988,0.4644650816917419,0.6062640547752380,2.8173692226409912,0.1602975875139236,0.9256372451782227,2.7892529964447021,0.5979740023612976,0.6230574250221252,2.9299004077911377,0.2247415781021118,0.8327037692070007,2.9647295475006104,0.1185733526945114,0.5728775262832642,3.0516583919525146,-0.4096426367759705
0.7085305452346802,0.2309524416923523,-1.8222010135650635,0.7587400674819946,0.1324813663959503,-1.7703273296356201,0.7909944653511047,0.1253656446933746,-1.7707599401473999,0.8161225318908691,0.1183299720287323,-1.7710615396499634,0.6637258529663086,0.1481043547391891,-1.7303936481475830,0.6392099261283875,0.1505783498287201,-1.7311576604843140,0.6193951368331909,0.1522623896598816,-1.7315086126327515,0.8598358035087585,0.1316027939319611,-1.3040459156036377,0.6003407835960388,0.1712252646684647,-1.1267729997634888,0.7799989581108093,0.3058088123798370,-1.6304391622543335,0.6766213178634644,0.3216053545475006,-1.5811371803283691,1.0508905649185181,0.5253151655197144,-1.0728294849395752,0.5817469954490662,0.5095725655555725,-0.6971319317817688,1.0192151069641113,1.0877289772033691,-1.5113453865051270,0.4327010512351990,1.1354206800460815,-1.2543519735336304,0.6444022655487061,0.8891556262969971,-1.9275801181793213,0.5638676285743713,0.8639128804206848,-2.1731495857238770,0.5720397233963013,0.7936335802078247,-2.0778865814208984,0.5976735949516296,0.7790940999984741,-2.3594608306884766,0.5813266038894653,0.7242019772529602,-2.0255866050720215,0.6074633002281189,0.6870114803314209,-2.2885563373565674,0.6036536097526550,0.7472303509712219,-1.9162527322769165,0.6152658462524414,0.7093502283096313,-2.1670370101928711,0.9683870077133179,1.4402947425842285,-0.0945722982287407,0.6550934910774231,1.4230823516845703,0.1034914031624794,0.9039487838745117,1.9095383882522583,-0.7345081567764282,0.5983937978744507,1.9544717073440552,-0.5421362519264221,0.8735167384147644,2.5457768440246582,0.4715813696384430,0.5819764733314514,2.7614355087280273,0.1310471147298813,0.8859696388244629,2.6206245422363281,0.6037822961807251,0.5957286953926086,2.9136292934417725,0.1877245903015137,0.7721279859542847,2.8152804374694824,0.2605925202369690,0.5271219015121460,2.9827454090118408,-0.3313551843166351
0.7102213501930237,0.2284092158079147,-2.1640419960021973,0.7585658431053162,0.1323202997446060,-2.1034646034240723,0.7908619046211243,0.1250946670770645,-2.1039402484893799,0.8174833059310913,0.1177248060703278,-2.1035752296447754,0.6704441308975220,0.1479961723089218,-2.0709547996520996,0.6459546089172363,0.1505557894706726,-2.0718696117401123,0.6230282783508301,0.1523329764604568,-2.0721907615661621,0.8608593940734863,0.1313821226358414,-1.5464813709259033,0.5999945402145386,0.1715374290943146,-1.3588781356811523,0.7794607877731323,0.3029349446296692,-1.9359092712402344,0.6801202893257141,0.3184715211391449,-1.8924810886383057,1.0556788444519043,0.5321745276451111,-1.1891896724700928,0.5523970127105713,0.5226348638534546,-0.8244044184684753,1.0374281406402588,1.1095594167709351,-1.8373905420303345,0.4364629387855530,1.0644793510437012,-1.7012913227081299,0.6508130431175232,0.8982953429222107,-2.5951385498046875,0.5251476168632507,0.8573606014251709,-2.7982704639434814,0.5709177851676941,0.8077335357666016,-2.8054475784301758,0.5610781311988831,0.7632385492324829,-3.0170443058013916,0.5975174307823181,0.7236832380294800,-2.7193951606750488,0.5774902105331421,0.6755946278572083,-2.9540307521820068,0.5927590727806091,0.7483268380165100,-2.5840961933135986,0.5772078633308411,0.7080618739128113,-2.8013439178466797,0.9742385745048523,1.4626197814941406,-0.0858680605888367,0.6426780819892883,1.4523634910583496,0.0962112769484520,0.9375824928283691,2.1619527339935303,-0.5955515503883362,0.6211791634559631,2.1583449840545654,-0.3656597435474396,0.9139024019241333,2.8771820068359375,0.6415292024612427,0.6169862747192383,2.8809692859649658,0.5874429941177368,0.9222693443298340,2.9753262996673584,0.7618238925933838,0.6262092590332031,2.9913365840911865,0.6669049263000488,0.8326545953750610,3.1319797039031982,0.2413838654756546,0.6023353934288025,3.1188814640045166,0.0308582969009876
0.7100352644920349,0.2227398306131363,-2.4583945274353027,0.7580725550651550,0.1315363049507141,-2.4053828716278076,0.7907688617706299,0.1243381574749947,-2.4057562351226807,0.8176488876342773,0.1166529282927513,-2.4055655002593994,0.6699533462524414,0.1468980908393860,-2.3837521076202393,0.6457823514938354,0.1497843861579895,-2.3849458694458008,0.6230192184448242,0.1520945429801941,-2.3853812217712402,0.8606858253479004,0.1311293840408325,-1.8666538000106812,0.5990039706230164,0.1721412837505341,-1.7565526962280273,0.7796813249588013,0.2994279861450195,-2.2310214042663574,0.6786588430404663,0.3150813281536102,-2.2027857303619385,1.0556597709655762,0.5330948233604431,-1.4966080188751221,0.5456088185310364,0.5380228161811829,-1.2270638942718506,1.0423631668090820,1.1281380653381348,-2.0251674652099609,0.3033176064491272,1.0856132507324219,-2.0084075927734375,0.6111743450164795,0.9252107143402100,-2.6975655555725098,0.4104362130165100,0.8991043567657471,-3.1252875328063965,0.4917066991329193,0.9040374159812927,-2.9079861640930176,0.4334261417388916,0.8164657950401306,-3.3720505237579346,0.5040649175643921,0.7842311859130859,-2.8165345191955566,0.4834661483764648,0.7253659367561340,-3.2773804664611816,0.5346614122390747,0.7960946559906006,-2.6830413341522217,0.4800408780574799,0.7435684800148010,-3.1202235221862793,0.9712436795234680,1.4946713447570801,-0.0852634012699127,0.6066439151763916,1.4961297512054443,0.0952109247446060,0.9355527162551880,2.3173470497131348,-0.3258554339408875,0.6036889553070068,2.2952461242675781,-0.1338953077793121,0.9146270751953125,3.0000703334808350,1.0564364194869995,0.6074208617210388,2.9692826271057129,1.0746917724609375,0.9265930056571960,3.0975639820098877,1.1925270557403564,0.6136888265609741,3.0677833557128906,1.1813721656799316,0.8289491534233093,3.2503638267517090,0.6075955629348755,0.5968168973922729,3.2101941108703613,0.5615931749343872
0.7051500082015991,0.2207913100719452,-2.6486084461212158,0.7566558718681335,0.1309963017702103,-2.5855069160461426,0.7901707887649536,0.1240816786885262,-2.5861899852752686,0.8166106343269348,0.1166001781821251,-2.5858407020568848,0.6647871136665344,0.1459748297929764,-2.5695989131927490,0.6401584148406982,0.1488608270883560,-2.5708062648773193,0.6176890134811401,0.1512660533189774,-2.5714366436004639,0.8575831651687622,0.1315421164035797,-2.0000445842742920,0.5843938589096069,0.1720463931560516,-1.9221203327178955,0.7773084044456482,0.3005999922752380,-2.4053237438201904,0.6701210141181946,0.3132339119911194,-2.3862481117248535,1.0406423807144165,0.5438555479049683,-1.5932692289352417,0.4687775969505310,0.5637169480323792,-1.3838989734649658,1.0412509441375732,1.1482830047607422,-2.1482846736907959,0.3068732619285583,1.1077228784561157,-2.2303018569946289,0.5747030377388000,0.9567514657974243,-2.8970665931701660,0.4167830348014832,0.9267938733100891,-3.4250664710998535,0.5196670889854431,0.8811234831809998,-3.1145777702331543,0.4310247004032135,0.8305739164352417,-3.6786370277404785,0.5088450312614441,0.7859462499618530,-3.0257735252380371,0.4602624773979187,0.7437579035758972,-3.5960032939910889,0.5390226244926453,0.8015214204788208,-2.8879060745239258,0.4743421971797943,0.7749890685081482,-3.4260451793670654,0.9600259065628052,1.5298345088958740,-0.0726130455732346,0.5670980215072632,1.5296386480331421,0.0840894281864166,0.9327665567398071,2.3597381114959717,-0.3233145475387573,0.5859778523445129,2.3568618297576904,-0.0925657078623772,0.9215968847274780,3.0343065261840820,1.1124737262725830,0.6001455783843994,3.0101020336151123,1.1138805150985718,0.9339963197708130,3.1311752796173096,1.2533400058746338,0.6053545475006104,3.0988965034484863,1.2201559543609619,0.8377167582511902,3.2816288471221924,0.6520406007766724,0.5985901951789856,3.2625184059143066,0.5832542777061462
0.7021450996398926,0.2243898659944534,-2.6251931190490723,0.7553555369377136,0.1354762911796570,-2.5705575942993164,0.7874913215637207,0.1304688006639481,-2.5712897777557373,0.8128198385238647,0.1247140988707542,-2.5713198184967041,0.6623631119728088,0.1468982696533203,-2.5535633563995361,0.6375465989112854,0.1494259983301163,-2.5547387599945068,0.6154257059097290,0.1516270041465759,-2.5554041862487793,0.8559714555740356,0.1404569894075394,-1.9826281070709229,0.5842608809471130,0.1728740483522415,-1.8989902734756470,0.7733610272407532,0.3099967241287231,-2.3733143806457520,0.6641836762428284,0.3152630627155304,-2.3521864414215088,1.0215463638305664,0.5429258346557617,-1.5606616735458374,0.4568461477756500,0.5647305250167847,-1.3210823535919189,0.9878322482109070,1.1419091224670410,-2.0467684268951416,0.2952250540256500,1.1626909971237183,-2.0604443550109863,0.4919084608554840,0.9618973135948181,-2.7535133361816406,0.3925378918647766,0.9282004237174988,-3.2453684806823730,0.3936407864093781,0.9024204611778259,-2.9567549228668213,0.3986486196517944,0.8387493491172791,-3.5032896995544434,0.4434663653373718,0.7966982722282410,-2.8726909160614014,0.4410291314125061,0.7527535557746887,-3.3522899150848389,0.4826168417930603,0.8076105713844299,-2.7549448013305664,0.4500333368778229,0.7743861079216003,-3.2286403179168701,0.9244906306266785,1.5200088024139404,-0.0731237307190895,0.5518816709518433,1.5185279846191406,0.0843858495354652,0.8999354243278503,2.2989828586578369,-0.4967284798622131,0.5591136217117310,2.2965302467346191,-0.2875240147113800,0.8888243436813354,3.0128283500671387,0.7615410089492798,0.5731100440025330,2.9959933757781982,0.7739421129226685,0.9019163250923157,3.1104388236999512,0.8832232356071472,0.5797339677810669,3.0920753479003906,0.8646014332771301,0.8012498617172241,3.2692718505859375,0.2524965107440948,0.5750536322593689,3.2481081485748291,0.1779950112104416
0.7016442418098450,0.2283711880445480,-2.6923499107360840,0.7548249959945679,0.1335967630147934,-2.6232786178588867,0.7874240279197693,0.1271409541368484,-2.6237292289733887,0.8125808835029602,0.1200256198644638,-2.6237826347351074,0.6562494039535522,0.1469072550535202,-2.6153502464294434,0.6306380033493042,0.1496059596538544,-2.6166181564331055,0.6092972755432129,0.1518586277961731,-2.6169319152832031,0.8534659147262573,0.1341938078403473,-1.9911006689071655,0.5731818675994873,0.1719965189695358,-1.9496567249298096,0.7732796072959900,0.3152677416801453,-2.4285972118377686,0.6614239215850830,0.3286727368831635,-2.4203588962554932,1.0272626876831055,0.5551468133926392,-1.5368496179580688,0.4420615136623383,0.5717173218727112,-1.3779275417327881,1.0451910495758057,1.1374988555908203,-2.0318274497985840,0.3074763119220734,1.2382588386535645,-2.1307632923126221,0.6773687601089478,0.9573221802711487,-2.7379727363586426,0.4049122333526611,0.9452092051506042,-3.2138926982879639,0.6778171658515930,0.8935959339141846,-2.9367225170135498,0.4139775633811951,0.8458908200263977,-3.4476170539855957,0.6174422502517700,0.8183194994926453,-2.8785927295684814,0.4480432868003845,0.7645825743675232,-3.3807263374328613,0.6241295337677002,0.8267936706542969,-2.7414512634277344,0.4638298451900482,0.7917886972427368,-3.2195134162902832,0.9260258674621582,1.5390514135360718,-0.0681796222925186,0.5502890348434448,1.5387722253799438,0.0796131640672684,0.8998576402664185,2.3696188926696777,-0.3324322998523712,0.5521689653396606,2.3461825847625732,-0.1605978906154633,0.8824259042739868,3.0511062145233154,1.0788509845733643,0.5604842901229858,3.0221569538116455,1.0304025411605835,0.8934838175773621,3.1424446105957031,1.2195757627487183,0.5709587931632996,3.1141777038574219,1.1347256898880005,0.7858142256736755,3.3255929946899414,0.6354007720947266,0.5564221143722534,3.2947404384613037,0.5005658864974976
0.7191518545150757,0.2264327108860016,-3.1307582855224609,0.7739435434341431,0.1297944784164429,-3.0555167198181152,0.8041888475418091,0.1256490796804428,-3.0556457042694092,0.8310264348983765,0.1198299676179886,-3.0553622245788574,0.6697014570236206,0.1340707093477249,-3.0545220375061035,0.6368721723556519,0.1350320130586624,-3.0558547973632812,0.6122209429740906,0.1362353116273880,-3.0564417839050293,0.8887332677841187,0.1338370740413666,-2.3770346641540527,0.5740668177604675,0.1573933511972427,-2.3609442710876465,0.7855940461158752,0.3164497911930084,-2.8488030433654785,0.6674531698226929,0.3276813924312592,-2.8473198413848877,1.0290209054946899,0.5196958184242249,-1.8069918155670166,0.4355068802833557,0.5715833306312561,-1.7190284729003906,1.0627444982528687,1.1212564706802368,-2.0017986297607422,0.3131932616233826,1.1957409381866455,-2.4714493751525879,0.8018332719802856,0.9421030282974243,-2.4590549468994141,0.4104482531547546,0.9466440677642822,-3.5757260322570801,0.7448204159736633,0.8975091576576233,-2.6126859188079834,0.4186949133872986,0.8618547916412354,-3.8174324035644531,0.7396894693374634,0.8236405253410339,-2.6034882068634033,0.4533382058143616,0.7831332683563232,-3.7481453418731689,0.7399446964263916,0.8386210799217224,-2.4729390144348145,0.4831619858741760,0.8136556148529053,-3.5804309844970703,0.9497361183166504,1.4882943630218506,-0.0559786148369312,0.5513318777084351,1.5124194622039795,0.0674801394343376,0.9362600445747375,2.3493931293487549,-0.3515168428421021,0.5658727288246155,2.3382863998413086,-0.1300869286060333,0.9224534034729004,2.9818356037139893,1.1475821733474731,0.5698583126068115,3.0117545127868652,0.9887696504592896,0.9305516481399536,3.0664923191070557,1.3014554977416992,0.5807434916496277,3.1024174690246582,1.0869233608245850,0.8340579271316528,3.2582385540008545,0.7371958494186401,0.5802827477455139,3.2813384532928467,0.4361874461174011
0.7224422097206116,0.2447291016578674,-2.6682932376861572,0.7772930860519409,0.1376665979623795,-2.5984463691711426,0.8064435720443726,0.1332399994134903,-2.5989279747009277,0.8316310048103333,0.1275185644626617,-2.5983331203460693,0.6734538674354553,0.1421359181404114,-2.5911571979522705,0.6430508494377136,0.1409168094396591,-2.5922181606292725,0.6205576658248901,0.1396639645099640,-2.5929152965545654,0.8851525187492371,0.1362526267766953,-1.9566757678985596,0.5910199880599976,0.1571998894214630,-1.9255993366241455,0.7868288755416870,0.3346176147460938,-2.4046573638916016,0.6728119254112244,0.3388123214244843,-2.4000139236450195,1.0265760421752930,0.5295257568359375,-1.4724572896957397,0.4587558805942535,0.5745552182197571,-1.3377566337585449,1.0235970020294189,1.1205306053161621,-1.8509922027587891,0.3298181891441345,1.2100235223770142,-2.0499336719512939,0.7397234439849854,0.8545656800270081,-2.4858555793762207,0.4254221916198730,0.9423666596412659,-3.1913402080535889,0.6184373497962952,0.8159858584403992,-2.6657855510711670,0.4453895986080170,0.8772876262664795,-3.4297287464141846,0.5757477879524231,0.7925818562507629,-2.6252827644348145,0.4672279357910156,0.7821460962295532,-3.3651142120361328,0.6192961931228638,0.7928181886672974,-2.4922890663146973,0.4836780428886414,0.8112795352935791,-3.1974735260009766,0.9499498605728149,1.5269408226013184,-0.0288222990930080,0.5522202849388123,1.5226706266403198,0.0410619825124741,0.9229532480239868,2.3661029338836670,-0.3498966097831726,0.5609824657440186,2.3438572883605957,-0.1415541172027588,0.8880640864372253,3.0731072425842285,1.0507336854934692,0.5499016642570496,3.0388474464416504,0.8814938664436340,0.8920019268989563,3.1719353199005127,1.1773570775985718,0.5503838062286377,3.1329035758972168,0.9715181589126587,0.8121463656425476,3.3329427242279053,0.5904898643493652,0.5678328275680542,3.2971365451812744,0.3195822834968567
0.7203446030616760,0.2518810927867889,-2.2290401458740234,0.7711655497550964,0.1463868021965027,-2.1572589874267578,0.8036964535713196,0.1401216089725494,-2.1573977470397949,0.8294771313667297,0.1332635283470154,-2.1570513248443604,0.6714749336242676,0.1561356633901596,-2.1541533470153809,0.6428909301757812,0.1561815291643143,-2.1549277305603027,0.6205126047134399,0.1554681360721588,-2.1551902294158936,0.8689676523208618,0.1404369175434113,-1.5361437797546387,0.5873520970344543,0.1684174835681915,-1.5211329460144043,0.7842259407043457,0.3413149416446686,-1.9728101491928101,0.6726045012474060,0.3464240133762360,-1.9716631174087524,0.9859749674797058,0.5199856162071228,-1.1440242528915405,0.4553217887878418,0.5751255750656128,-1.0126312971115112,0.9902420043945312,0.9678770303726196,-1.6861546039581299,0.3356597125530243,1.1531316041946411,-1.6058290004730225,0.6644983887672424,0.9266509413719177,-2.5086343288421631,0.4286212027072906,1.0185123682022095,-2.6115982532501221,0.5892392992973328,0.9170216917991638,-2.7588393688201904,0.4473783969879150,1.0077146291732788,-2.8383212089538574,0.5530857443809509,0.8328965306282043,-2.6910927295684814,0.4612680375576019,0.8293471932411194,-2.8341298103332520,0.5910845398902893,0.8316144347190857,-2.5172276496887207,0.4727582335472107,0.8661240339279175,-2.6437628269195557,0.9243358373641968,1.5263671875000000,-0.0259500034153461,0.5467780828475952,1.5217093229293823,0.0377239398658276,0.8768316507339478,2.2396676540374756,-0.5540366172790527,0.5396822094917297,2.2631642818450928,-0.4593771398067474,0.8411952853202820,3.0581128597259521,0.4092430472373962,0.5230013132095337,3.0322301387786865,0.2245377749204636,0.8452953100204468,3.1481087207794189,0.5067044496536255,0.5214731097221375,3.1315574645996094,0.2839908003807068,0.7718740701675415,3.3253667354583740,-0.0863746479153633,0.5353825092315674,3.2893805503845215,-0.3650779426097870
0.7267687320709229,0.2439766377210617,-2.4086365699768066,0.7752691507339478,0.1453167349100113,-2.3376209735870361,0.8041863441467285,0.1400225907564163,-2.3379769325256348,0.8292385339736938,0.1332522779703140,-2.3376724720001221,0.6786760091781616,0.1479517072439194,-2.3323783874511719,0.6462441682815552,0.1458480656147003,-2.3332362174987793,0.6210745573043823,0.1435394287109375,-2.3335793018341064,0.8703083992004395,0.1406631469726562,-1.6929416656494141,0.5872317552566528,0.1566071957349777,-1.6716941595077515,0.7846919298171997,0.3358399569988251,-2.1428706645965576,0.6751967668533325,0.3323339223861694,-2.1397786140441895,0.9800280332565308,0.4908288717269897,-1.2750104665756226,0.4483690261840820,0.5069225430488586,-1.1440874338150024,0.9532338380813599,0.8946518301963806,-1.8436256647109985,0.2953128218650818,0.9325979351997375,-1.7577664852142334,0.5564011335372925,0.9260588288307190,-2.7317588329315186,0.4794484078884125,1.0111113786697388,-2.7097299098968506,0.4614139199256897,0.9264814257621765,-3.0004198551177979,0.5077989697456360,0.9925943613052368,-2.9431798458099365,0.4336937367916107,0.8523948788642883,-2.9096772670745850,0.5298970937728882,0.9050090312957764,-2.9246234893798828,0.4664932191371918,0.8439445495605469,-2.7273583412170410,0.4999200403690338,0.8580635190010071,-2.7326707839965820,0.9008682966232300,1.4940229654312134,-0.0137993562966585,0.5247198343276978,1.4739336967468262,0.0255004372447729,0.8476311564445496,2.1102604866027832,-0.7438038587570190,0.5035343766212463,2.1386778354644775,-0.7060631513595581,0.7813726663589478,2.9069712162017822,0.3956052362918854,0.4565189778804779,2.9350700378417969,0.1172599568963051,0.7766224145889282,3.0153543949127197,0.5100361108779907,0.4511678218841553,3.0506711006164551,0.1872183233499527,0.7184913158416748,3.1691446304321289,-0.0955182909965515,0.4585786759853363,3.1845881938934326,-0.5349601507186890
0.7261610031127930,0.2311372905969620,-2.8845236301422119,0.7751175761222839,0.1204255074262619,-2.8056185245513916,0.8038939237594604,0.1161535754799843,-2.8057250976562500,0.8285004496574402,0.1091585606336594,-2.8057589530944824,0.6697046160697937,0.1240634918212891,-2.8215403556823730,0.6373396515846252,0.1241944655776024,-2.8223881721496582,0.6124615073204041,0.1239564120769501,-2.8227648735046387,0.8701917529106140,0.1121651679277420,-2.1163351535797119,0.5741222500801086,0.1352668404579163,-2.1816146373748779,0.7845946550369263,0.3303272426128387,-2.5929811000823975,0.6719003915786743,0.3270766437053680,-2.6158275604248047,0.9861354827880859,0.4892084002494812,-1.5992090702056885,0.4231602549552917,0.5108523964881897,-1.6142165660858154,0.9554203152656555,0.9299901127815247,-1.7537931203842163,0.2802277803421021,0.9539522528648376,-1.8152420520782471,0.5943009257316589,0.9350919127464294,-2.1565594673156738,0.3901650309562683,1.3722709417343140,-2.4267234802246094,0.4667784571647644,0.9710531234741211,-2.3432056903839111,0.3672309517860413,1.4913361072540283,-2.6272506713867188,0.4611710011959076,0.9133843183517456,-2.3421761989593506,0.4210344254970551,1.4544848203659058,-2.6729292869567871,0.5015020966529846,0.9001693725585938,-2.1766850948333740,0.4405655860900879,1.4145621061325073,-2.4702420234680176,0.8996620178222656,1.4634019136428833,0.0260205417871475,0.5273119211196899,1.4618589878082275,-0.0148007972165942,0.8716842532157898,2.1428592205047607,-0.4056386351585388,0.5279444456100464,2.1586391925811768,-0.5668157935142517,0.8238177299499512,2.8322281837463379,0.9083372950553894,0.4878738820552826,2.9388546943664551,0.3380177915096283,0.8088348507881165,2.9257402420043945,1.0418424606323242,0.4763568937778473,3.0580489635467529,0.4147520065307617,0.7956099510192871,3.0997858047485352,0.5243399739265442,0.5178320407867432,3.1881210803985596,-0.2646308541297913
0.7305089831352234,0.2277764827013016,-2.7689619064331055,0.7789785265922546,0.1167057380080223,-2.6875994205474854,0.8060862421989441,0.1120839491486549,-2.6877036094665527,0.8295555114746094,0.1060102432966232,-2.6877479553222656,0.6708453893661499,0.1222655847668648,-2.7104611396789551,0.6373763680458069,0.1225195378065109,-2.7113137245178223,0.6123862266540527,0.1224916502833366,-2.7116689682006836,0.8728987574577332,0.1090733110904694,-2.0134606361389160,0.5735958814620972,0.1334319114685059,-2.1225292682647705,0.7868404388427734,0.3258190155029297,-2.4867708683013916,0.6732610464096069,0.3256483078002930,-2.5221686363220215,0.9879117012023926,0.4863524734973907,-1.4667344093322754,0.3923832774162292,0.5283994078636169,-1.5807189941406250,1.0220464468002319,0.9397935271263123,-1.0973691940307617,0.2369620054960251,0.9620832800865173,-1.4626156091690063,0.9028750658035278,1.1589106321334839,-1.0408443212509155,0.2706804871559143,1.5219719409942627,-1.4585530757904053,0.8838084936141968,1.2523312568664551,-1.0972168445587158,0.2325824797153473,1.6710274219512939,-1.5353099107742310,0.8741812705993652,1.2361608743667603,-1.1970738172531128,0.2838724255561829,1.6699271202087402,-1.6345021724700928,0.8642257452011108,1.2147520780563354,-1.0911371707916260,0.3128570020198822,1.6199115514755249,-1.5098521709442139,0.8950532674789429,1.4648153781890869,0.0532810799777508,0.5154805183410645,1.4750052690505981,-0.0421408154070377,0.8726996183395386,2.2196886539459229,-0.1754457354545593,0.5258887410163879,2.2338495254516602,-0.3211150765419006,0.8247464299201965,2.8417260646820068,1.0194375514984131,0.4964003562927246,2.9467902183532715,0.6025388240814209,0.8139176368713379,2.9385576248168945,1.1434081792831421,0.4897292554378510,3.0564117431640625,0.6819781661033630,0.8013752102851868,3.1227581501007080,0.6412900686264038,0.5469321012496948,3.2069852352142334,0.0582128874957561
0.7377297878265381,0.2278849035501480,-2.8265476226806641,0.7815007567405701,0.1169467419385910,-2.7301335334777832,0.8079058527946472,0.1130214482545853,-2.7299895286560059,0.8321238756179810,0.1079796105623245,-2.7300264835357666,0.6793845295906067,0.1226351335644722,-2.7582621574401855,0.6416527628898621,0.1228728070855141,-2.7590839862823486,0.6128455996513367,0.1228576675057411,-2.7593820095062256,0.8859368562698364,0.1124492734670639,-1.9995208978652954,0.5728422403335571,0.1351808011531830,-2.1182794570922852,0.7890001535415649,0.3271696269512177,-2.5238230228424072,0.6808552145957947,0.3258791863918304,-2.5637638568878174,1.0018597841262817,0.4869975745677948,-1.4523656368255615,0.3924552202224731,0.5599539875984192,-1.5499345064163208,1.0520412921905518,0.9116722345352173,-1.2312459945678711,0.2429539263248444,0.9634437561035156,-1.4749104976654053,0.9072124361991882,0.9037966132164001,-1.3474575281143188,0.3005253076553345,1.5328093767166138,-1.6346652507781982,0.8778632879257202,0.9264695644378662,-1.4513672590255737,0.2667166292667389,1.6711851358413696,-1.7290809154510498,0.8766050338745117,0.8890241980552673,-1.5048425197601318,0.3143317103385925,1.6537239551544189,-1.8179031610488892,0.8699007034301758,0.9022687077522278,-1.3866746425628662,0.3436806499958038,1.6078115701675415,-1.6848348379135132,0.9144870638847351,1.4784947633743286,0.0563387088477612,0.5211081504821777,1.4985004663467407,-0.0446565672755241,0.9061576128005981,2.2194662094116211,-0.2675062417984009,0.5409006476402283,2.2587060928344727,-0.3128481507301331,0.8545001149177551,2.8372011184692383,1.0282843112945557,0.5112634301185608,2.9508383274078369,0.6125782728195190,0.8383266329765320,2.9271383285522461,1.1679111719131470,0.5076985359191895,3.0583562850952148,0.6920978426933289,0.8305690884590149,3.1100692749023438,0.7317886352539062,0.5585736632347107,3.2086722850799561,0.0890422388911247
